Time,AFR_Target,T_Air,SA,RPM,TPS_AD,TPS_indx,Volt_Batt,Inj_Angle,T_Eng,TPS_Percent,Cyl1_Comn_FuelPW,Cyl1_Eng_AP,NBO2_Volt,Inst_Fuel_Consump,Avg_Fuel_Consump,Acc_Fuel_Mult,NBO2_AD,Cyl1_Final_VM,Idle_Desir_RPM,Cyl1_Injector_Period_Rate,TimeCount,PH_GPS_Altitude,PH_GPS_Speed
1000.0,12.7,29.0,8.0,1865.0,54.0,1.0,12.9,0.0,78.0,0.4,2.52,48.7,382.35,0.0,0.0,0.0,78.0,148.0,1824.0,3.91,640.6,16.7,0.0
1100.0,12.7,29.0,6.0,1808.0,54.0,1.0,12.9,0.0,78.0,0.4,2.52,48.2,382.35,0.0,0.0,0.0,78.0,146.0,1824.0,3.91,835.9,16.7,0.0
1200.0,12.7,29.0,6.0,1808.0,54.0,1.0,12.9,0.0,78.0,0.4,2.52,48.2,382.35,0.0,0.0,0.0,78.0,146.0,1824.0,3.91,835.9,16.7,0.0
1300.0,12.7,29.0,9.0,1792.0,54.0,1.0,13.0,0.0,78.0,0.4,2.468,48.2,382.35,0.0,0.0,0.0,78.0,145.0,1824.0,3.52,31.2,16.7,0.0
1400.0,12.7,29.0,6.0,1814.0,54.0,1.0,12.9,0.0,78.0,0.4,2.468,48.2,382.35,0.0,0.0,0.0,78.0,147.0,1824.0,3.52,132.8,16.8,0.0
1500.0,12.7,29.0,8.0,1846.0,53.0,1.0,12.9,0.0,78.0,0.4,2.484,48.2,382.35,0.0,0.0,0.0,78.0,145.0,1824.0,3.52,226.6,16.8,0.0
1600.0,12.7,29.0,9.0,1799.0,54.0,1.0,12.9,0.0,78.0,0.4,2.484,48.2,382.35,0.0,0.0,0.0,78.0,147.0,1824.0,3.52,328.1,16.8,0.0
1700.0,12.7,29.0,8.0,1796.0,53.0,1.0,12.9,0.0,78.0,0.4,2.52,48.7,382.35,0.0,0.0,0.0,78.0,147.0,1824.0,3.91,421.9,16.8,0.0
1800.0,12.7,29.0,5.0,1878.0,54.0,1.0,12.9,0.0,78.0,0.4,2.52,48.7,382.35,0.0,0.0,0.0,78.0,149.0,1824.0,3.91,523.4,16.8,0.0
1900.0,12.7,29.0,8.0,1807.0,53.0,1.0,12.9,0.0,78.0,0.4,2.496,48.2,382.35,0.0,0.0,0.0,78.0,146.0,1824.0,3.52,617.2,16.8,0.0
2000.0,12.7,29.0,8.0,1799.0,64.0,3.0,12.9,0.0,78.0,1.6,2.484,48.2,382.35,0.0,0.0,0.0,78.0,151.0,1824.0,3.52,718.8,16.8,0.0
2100.0,12.0,29.0,15.0,2401.0,598.0,137.0,12.9,0.0,78.0,83.9,0.632,92.3,387.25,0.0,0.0,0.203,79.0,162.0,1824.0,0.78,812.5,16.8,0.0
2200.0,11.8,29.0,24.0,3445.0,791.0,185.0,12.8,-120.0,78.0,100.0,7.376,96.5,387.25,0.0,0.0,0.117,79.0,187.0,2112.0,19.92,914.1,16.8,0.0
2300.0,11.8,29.0,26.0,5031.0,791.0,185.0,12.9,-120.0,78.0,100.0,7.304,95.5,392.16,0.0,0.0,0.031,80.0,191.0,2112.0,28.12,7.8,16.8,0.0
2400.0,11.8,29.0,27.0,5675.0,791.0,185.0,12.8,-120.0,78.0,100.0,5.38,90.9,392.16,0.0,0.0,0.0,80.0,169.0,2112.0,25.39,109.4,16.7,1.0
2500.0,11.8,29.0,27.0,5896.0,791.0,185.0,12.8,-120.0,78.0,100.0,5.464,88.9,387.25,0.0,0.0,0.0,79.0,174.0,2112.0,26.56,203.1,16.7,1.0
2600.0,11.8,29.0,27.0,6080.0,791.0,185.0,12.8,-120.0,78.0,100.0,5.508,87.4,387.25,0.0,0.0,0.0,79.0,178.0,2112.0,27.73,304.7,16.7,1.0
2700.0,11.8,29.0,28.0,6206.0,792.0,185.0,12.8,-120.0,78.0,100.0,5.52,86.3,392.16,0.0,0.0,0.0,80.0,179.0,2112.0,28.52,398.4,16.7,1.0
2800.0,11.8,29.0,28.0,6446.0,791.0,185.0,12.8,-120.0,78.0,100.0,5.62,85.8,392.16,0.0,0.0,0.0,80.0,184.0,2112.0,30.08,593.8,16.7,1.0
2900.0,11.8,29.0,28.0,6496.0,791.0,185.0,12.8,-120.0,78.0,100.0,5.788,85.8,387.25,0.0,0.0,0.0,79.0,189.0,2112.0,31.25,695.3,16.7,1.0
3000.0,11.8,29.0,28.0,6530.0,791.0,185.0,12.8,-120.0,78.0,100.0,5.836,85.8,392.16,0.51,0.0,0.0,80.0,190.0,2112.0,31.64,789.1,16.7,1.0
3100.0,11.8,29.0,28.0,6524.0,791.0,185.0,12.8,-120.0,78.0,100.0,5.836,86.3,392.16,0.71,0.0,0.0,80.0,190.0,2112.0,31.64,890.6,16.7,1.0
3200.0,11.8,29.0,28.0,6496.0,792.0,185.0,12.8,-120.0,78.0,100.0,5.804,85.8,392.16,0.81,0.0,0.0,80.0,190.0,2112.0,31.25,984.4,16.7,1.0
3300.0,11.8,29.0,28.0,6462.0,791.0,185.0,12.8,-120.0,78.0,100.0,5.704,85.8,392.16,0.0,0.0,0.0,80.0,187.0,2112.0,30.47,85.9,16.7,1.0
3400.0,11.8,29.0,28.0,6393.0,791.0,185.0,12.8,-120.0,78.0,100.0,5.592,85.3,392.16,0.0,0.0,0.0,80.0,183.0,2112.0,29.69,179.7,16.8,1.0
3500.0,11.8,29.0,28.0,6326.0,790.0,185.0,12.8,-120.0,78.0,100.0,5.576,86.3,392.16,0.0,0.0,0.0,80.0,182.0,2112.0,29.3,281.2,16.8,1.0
3600.0,11.8,29.0,28.0,6284.0,792.0,185.0,12.8,-120.0,78.0,100.0,5.548,86.3,392.16,0.0,0.0,0.0,80.0,181.0,2112.0,28.91,375.0,16.8,1.0
3700.0,11.8,29.0,28.0,6284.0,791.0,185.0,12.8,-120.0,78.0,100.0,5.548,86.3,392.16,0.0,0.0,0.0,80.0,181.0,2112.0,28.91,476.6,16.8,1.0
3800.0,11.8,29.0,28.0,6578.0,791.0,185.0,12.8,-120.0,78.0,100.0,5.656,85.8,387.25,0.0,0.0,0.0,79.0,190.0,2112.0,30.47,570.3,16.8,1.0
3900.0,11.8,29.0,29.0,6906.0,791.0,185.0,12.8,-120.0,78.0,100.0,6.584,87.9,392.16,0.0,0.0,0.0,80.0,212.0,2112.0,37.89,671.9,16.8,1.0
4000.0,11.8,29.0,30.0,7295.0,791.0,185.0,12.8,-120.0,78.0,100.0,7.164,86.3,392.16,0.0,0.0,0.0,80.0,237.0,2112.0,42.97,765.6,16.8,1.0
4100.0,11.6,29.0,28.0,7755.0,791.0,185.0,12.7,-120.0,78.0,100.0,7.872,88.4,392.16,0.0,0.0,0.0,80.0,245.0,2112.0,50.78,867.2,16.8,1.0
4200.0,11.5,29.0,28.0,8241.0,791.0,185.0,12.7,-120.0,78.0,100.0,8.144,90.4,387.25,0.0,0.0,0.0,79.0,246.0,2112.0,55.47,960.9,16.8,1.0
4300.0,11.5,29.0,28.0,8610.0,791.0,185.0,12.7,-120.0,78.0,100.0,8.428,92.4,392.16,0.0,0.0,0.0,80.0,248.0,2112.0,60.16,62.5,16.8,1.0
4400.0,11.5,29.0,29.0,8792.0,792.0,185.0,12.7,-120.0,78.0,100.0,8.516,93.5,392.16,0.0,0.0,0.0,80.0,248.0,2112.0,62.11,156.2,16.7,4.0
4500.0,11.5,29.0,29.0,8860.0,791.0,185.0,12.7,-120.0,78.0,100.0,8.548,93.5,392.16,0.0,0.0,0.0,80.0,249.0,2112.0,62.89,257.8,16.7,4.0
4600.0,11.5,29.0,29.0,8860.0,791.0,185.0,12.7,-120.0,78.0,100.0,8.548,93.5,392.16,0.0,0.0,0.0,80.0,249.0,2112.0,62.89,257.8,16.7,4.0
4700.0,11.5,29.0,29.0,8813.0,792.0,185.0,12.7,-120.0,78.0,100.0,8.516,93.5,392.16,0.0,0.0,0.0,80.0,248.0,2112.0,62.5,453.1,16.7,4.0
4800.0,11.5,29.0,29.0,8813.0,792.0,185.0,12.7,-120.0,78.0,100.0,8.516,93.5,392.16,0.0,0.0,0.0,80.0,248.0,2112.0,62.5,453.1,16.7,4.0
4900.0,11.5,29.0,29.0,8710.0,792.0,185.0,12.7,-120.0,78.0,100.0,8.516,93.5,392.16,0.0,0.0,0.0,80.0,248.0,2112.0,61.72,648.4,16.7,4.0
5000.0,11.5,29.0,29.0,8726.0,792.0,185.0,12.7,-120.0,78.0,100.0,8.516,93.5,392.16,0.0,0.0,0.0,80.0,248.0,2112.0,61.72,742.2,16.7,4.0
5100.0,11.5,29.0,29.0,8720.0,793.0,186.0,12.7,-120.0,78.0,100.0,8.516,93.5,392.16,0.0,0.0,0.0,80.0,248.0,2112.0,61.33,843.8,16.7,4.0
5200.0,11.5,29.0,29.0,8700.0,793.0,186.0,12.7,-120.0,78.0,100.0,8.516,93.5,392.16,0.0,0.0,0.0,80.0,248.0,2112.0,61.72,937.5,16.7,4.0
5300.0,11.5,29.0,29.0,8731.0,793.0,186.0,12.7,-120.0,78.0,100.0,8.516,92.9,392.16,0.0,0.0,0.0,80.0,248.0,2112.0,61.72,39.1,16.7,4.0
5400.0,11.5,29.0,29.0,8782.0,793.0,186.0,12.7,-120.0,78.0,100.0,8.516,93.5,392.16,0.0,0.0,0.0,80.0,248.0,2112.0,62.11,132.8,16.9,16.0
5500.0,11.5,29.0,29.0,8802.0,793.0,186.0,12.7,-120.0,78.0,100.0,8.548,93.5,387.25,0.0,0.0,0.0,79.0,248.0,2112.0,62.5,234.4,16.9,16.0
5600.0,11.5,29.0,29.0,8823.0,793.0,186.0,12.7,-120.0,78.0,100.0,8.516,93.5,392.16,0.0,0.0,0.0,80.0,248.0,2112.0,62.5,328.1,16.9,16.0
5700.0,11.5,29.0,29.0,8849.0,794.0,186.0,12.7,-120.0,78.0,100.0,8.548,93.5,392.16,0.0,0.0,0.0,80.0,249.0,2112.0,62.5,429.7,16.9,16.0
5800.0,11.5,29.0,29.0,8839.0,793.0,186.0,12.7,-120.0,78.0,100.0,8.548,93.5,392.16,0.0,0.0,0.0,80.0,249.0,2112.0,62.89,523.4,16.9,16.0
5900.0,11.5,29.0,29.0,8854.0,792.0,185.0,12.7,-120.0,78.0,100.0,8.548,93.5,392.16,0.0,0.0,0.0,80.0,249.0,2112.0,62.89,625.0,16.9,16.0
6000.0,11.5,29.0,29.0,8865.0,790.0,185.0,12.7,-120.0,78.0,100.0,8.548,93.5,392.16,0.0,0.0,0.0,80.0,249.0,2112.0,62.89,718.8,16.9,16.0
6100.0,11.5,29.0,29.0,8880.0,791.0,185.0,12.7,-120.0,78.0,100.0,8.58,93.5,392.16,0.0,0.0,0.0,80.0,250.0,2112.0,63.28,914.1,16.9,16.0
6200.0,11.5,29.0,29.0,8870.0,792.0,185.0,12.7,-120.0,78.0,100.0,8.58,93.5,387.25,0.0,0.0,0.0,79.0,250.0,2112.0,63.28,15.6,16.9,16.0
6300.0,11.5,29.0,29.0,8870.0,792.0,185.0,12.7,-120.0,78.0,100.0,8.58,93.5,387.25,0.0,0.0,0.0,79.0,250.0,2112.0,63.28,15.6,16.9,16.0
6400.0,11.5,29.0,29.0,8891.0,790.0,185.0,12.7,-120.0,78.0,100.0,8.58,93.5,392.16,0.0,0.0,0.0,80.0,249.0,2112.0,63.28,210.9,16.9,16.0
6500.0,11.5,29.0,29.0,8886.0,790.0,185.0,12.7,-120.0,78.0,100.0,8.58,93.5,392.16,0.0,0.0,0.0,80.0,250.0,2112.0,63.28,304.7,17.0,35.0
6600.0,11.5,29.0,29.0,8886.0,791.0,185.0,12.7,-120.0,78.0,100.0,8.58,93.5,392.16,0.0,0.0,0.0,80.0,250.0,2112.0,63.28,406.2,17.0,35.0
6700.0,11.5,29.0,29.0,8902.0,791.0,185.0,12.7,-120.0,78.0,100.0,8.58,93.5,392.16,0.0,0.0,0.0,80.0,250.0,2112.0,63.28,500.0,17.0,35.0
6800.0,11.5,29.0,29.0,8912.0,790.0,185.0,12.7,-120.0,78.0,100.0,8.624,94.0,387.25,0.0,0.0,0.0,79.0,250.0,2112.0,63.67,601.6,17.0,35.0
6900.0,11.5,29.0,29.0,8923.0,790.0,185.0,12.7,-120.0,78.0,100.0,8.58,93.5,392.16,0.0,0.0,0.0,80.0,250.0,2112.0,63.67,695.3,17.0,35.0
7000.0,11.5,29.0,29.0,8917.0,790.0,185.0,12.7,-120.0,78.0,100.0,8.58,93.5,392.16,0.0,0.0,0.0,80.0,250.0,2112.0,63.67,796.9,17.0,35.0
7100.0,11.5,29.0,29.0,8923.0,791.0,185.0,12.7,-120.0,78.0,100.0,8.58,93.5,392.16,0.0,0.0,0.0,80.0,250.0,2112.0,63.67,890.6,17.0,35.0
7200.0,11.5,29.0,29.0,8976.0,791.0,185.0,12.7,-120.0,78.0,100.0,8.612,93.5,392.16,0.0,0.0,0.0,80.0,251.0,2112.0,64.06,992.2,17.0,35.0
7300.0,11.5,29.0,29.0,9009.0,790.0,185.0,12.7,-120.0,78.0,100.0,8.612,93.5,392.16,0.0,0.0,0.0,80.0,251.0,2112.0,64.45,85.9,17.0,35.0
7400.0,11.5,29.0,29.0,9014.0,791.0,185.0,12.7,-120.0,78.0,100.0,8.68,93.5,387.25,0.0,0.0,0.0,79.0,252.0,2112.0,64.84,187.5,17.0,35.0
7500.0,11.5,29.0,29.0,9036.0,790.0,185.0,12.7,-120.0,78.0,100.0,8.68,93.5,392.16,0.0,0.0,0.0,80.0,253.0,2112.0,65.23,281.2,16.8,49.0
7600.0,11.5,29.0,29.0,9047.0,791.0,185.0,12.7,-120.0,78.0,100.0,8.636,92.9,392.16,0.0,0.0,0.0,80.0,253.0,2112.0,64.84,382.8,16.8,49.0
7700.0,11.5,29.0,29.0,9063.0,791.0,185.0,12.7,-120.0,78.0,100.0,8.636,93.5,392.16,0.0,0.0,0.0,80.0,254.0,2112.0,64.84,476.6,16.8,49.0
7800.0,11.5,29.0,29.0,9090.0,790.0,185.0,12.7,-120.0,78.0,100.0,8.668,92.9,387.25,0.0,0.0,0.0,79.0,254.0,2112.0,65.62,578.1,16.8,49.0
7900.0,11.5,29.0,29.0,9090.0,791.0,185.0,12.7,-120.0,78.0,100.0,8.744,93.5,392.16,0.0,0.0,0.0,80.0,255.0,2112.0,66.02,671.9,16.8,49.0
8000.0,11.5,29.0,29.0,9118.0,790.0,185.0,12.7,-120.0,78.0,100.0,8.744,92.9,392.16,0.0,0.0,0.0,80.0,254.0,2112.0,66.02,773.4,16.8,49.0
8100.0,11.5,29.0,29.0,9140.0,791.0,185.0,12.7,-120.0,78.0,100.0,8.7,92.9,392.16,0.0,0.0,0.0,80.0,255.0,2112.0,66.02,867.2,16.8,49.0
8200.0,11.5,29.0,29.0,9124.0,791.0,185.0,12.7,-120.0,78.0,100.0,8.7,92.9,392.16,0.0,0.0,0.0,80.0,255.0,2112.0,66.02,968.8,16.8,49.0
8300.0,11.5,29.0,29.0,9118.0,791.0,185.0,12.7,-120.0,78.0,100.0,8.7,93.5,392.16,0.0,0.0,0.0,80.0,255.0,2112.0,66.02,62.5,16.8,49.0
8400.0,11.5,29.0,29.0,9146.0,791.0,185.0,12.7,-120.0,78.0,100.0,8.7,93.5,392.16,0.0,0.0,0.0,80.0,255.0,2112.0,66.02,164.1,16.8,49.0
8500.0,11.5,29.0,29.0,9157.0,790.0,185.0,12.7,-120.0,78.0,100.0,8.7,92.9,392.16,0.0,0.0,0.0,80.0,255.0,2112.0,66.02,257.8,16.5,58.0
8600.0,11.5,29.0,29.0,9140.0,791.0,185.0,12.7,-120.0,78.0,100.0,8.7,92.9,392.16,0.0,0.0,0.0,80.0,255.0,2112.0,66.02,359.4,16.5,58.0
8700.0,11.5,29.0,29.0,9179.0,790.0,185.0,12.7,-120.0,78.0,100.0,8.744,93.5,392.16,0.0,0.0,0.0,80.0,255.0,2112.0,66.41,453.1,16.5,58.0
8800.0,11.5,29.0,29.0,9146.0,792.0,185.0,12.7,-120.0,78.0,100.0,8.652,92.9,392.16,0.0,0.0,0.0,80.0,255.0,2112.0,65.62,554.7,16.5,58.0
8900.0,11.5,29.0,29.0,9140.0,791.0,185.0,12.7,-120.0,78.0,100.0,8.7,92.9,392.16,0.0,0.0,0.0,80.0,255.0,2112.0,66.02,648.4,16.5,58.0
9000.0,11.5,29.0,29.0,9151.0,790.0,185.0,12.7,-120.0,78.0,100.0,8.7,92.9,392.16,0.0,0.0,0.0,80.0,255.0,2112.0,66.02,750.0,16.5,58.0
9100.0,11.5,29.0,29.0,9124.0,790.0,185.0,12.7,-120.0,78.0,100.0,8.7,92.9,392.16,0.0,0.0,0.0,80.0,255.0,2112.0,66.02,843.8,16.5,58.0
9200.0,11.5,29.0,29.0,9157.0,791.0,185.0,12.7,-120.0,78.0,100.0,8.7,92.9,392.16,0.0,0.0,0.0,80.0,255.0,2112.0,66.02,945.3,16.5,58.0
9300.0,11.5,29.0,29.0,9135.0,791.0,185.0,12.7,-120.0,78.0,100.0,8.7,93.5,392.16,0.0,0.0,0.0,80.0,255.0,2112.0,66.02,39.1,16.5,58.0
9400.0,11.5,29.0,29.0,9185.0,791.0,185.0,12.7,-120.0,78.0,100.0,8.7,92.9,392.16,0.0,0.0,0.0,80.0,255.0,2112.0,66.02,140.6,16.5,58.0
9500.0,11.5,29.0,29.0,9185.0,791.0,185.0,12.7,-120.0,77.0,100.0,8.7,92.9,392.16,0.0,0.0,0.0,80.0,255.0,2112.0,66.41,335.9,17.1,66.0
9600.0,11.5,29.0,29.0,9168.0,792.0,185.0,12.7,-120.0,77.0,100.0,8.7,92.9,392.16,0.0,0.0,0.0,80.0,255.0,2112.0,66.41,429.7,17.1,66.0
9700.0,11.5,28.0,29.0,9213.0,791.0,185.0,12.7,-120.0,77.0,100.0,8.744,93.5,392.16,0.0,0.0,0.0,80.0,255.0,2112.0,66.8,531.2,17.1,66.0
9800.0,11.5,28.0,29.0,9179.0,791.0,185.0,12.7,-120.0,77.0,100.0,8.72,92.9,392.16,0.0,0.0,0.0,80.0,256.0,2112.0,66.41,625.0,17.1,66.0
9900.0,11.5,28.0,29.0,9230.0,790.0,185.0,12.7,-120.0,77.0,100.0,8.8,93.5,392.16,0.0,0.0,0.0,80.0,256.0,2112.0,67.19,726.6,17.1,66.0
10000.0,11.5,28.0,29.0,9185.0,791.0,185.0,12.7,-120.0,77.0,100.0,8.72,92.9,392.16,0.0,0.0,0.0,80.0,255.0,2112.0,66.8,820.3,17.1,66.0
10100.0,11.5,28.0,29.0,9213.0,791.0,185.0,12.7,-120.0,77.0,100.0,8.752,92.9,392.16,0.0,0.0,0.0,80.0,256.0,2112.0,66.8,921.9,17.1,66.0
10200.0,11.5,28.0,29.0,9202.0,792.0,185.0,12.7,-120.0,77.0,100.0,8.708,92.4,392.16,0.0,0.0,0.0,80.0,256.0,2112.0,66.41,15.6,17.1,66.0
10300.0,11.5,28.0,29.0,9202.0,790.0,185.0,12.7,-120.0,77.0,100.0,8.752,92.9,392.16,0.0,0.0,0.0,80.0,255.0,2112.0,66.8,117.2,17.1,66.0
10400.0,11.5,28.0,29.0,9196.0,791.0,185.0,12.7,-120.0,77.0,100.0,8.752,92.9,387.25,0.0,0.0,0.0,79.0,256.0,2112.0,66.8,210.9,17.6,72.0
10500.0,11.5,28.0,29.0,9236.0,790.0,185.0,12.7,-120.0,77.0,100.0,8.8,92.9,387.25,0.0,0.0,0.0,79.0,256.0,2112.0,67.19,312.5,17.6,72.0
10600.0,11.5,28.0,29.0,9230.0,792.0,185.0,12.7,-120.0,77.0,100.0,8.708,92.4,387.25,0.0,0.0,0.0,79.0,256.0,2112.0,66.8,406.2,17.6,72.0
10700.0,11.5,28.0,29.0,9270.0,791.0,185.0,12.7,-120.0,77.0,100.0,8.708,92.4,392.16,0.0,0.0,0.0,80.0,256.0,2112.0,66.8,507.8,17.6,72.0
10800.0,11.5,28.0,29.0,9253.0,792.0,185.0,12.7,-120.0,77.0,100.0,8.752,92.9,387.25,0.0,0.0,0.0,79.0,256.0,2112.0,67.19,601.6,17.6,72.0
10900.0,11.5,28.0,29.0,9270.0,791.0,185.0,12.7,-120.0,77.0,100.0,8.752,92.9,392.16,0.0,0.0,0.0,80.0,256.0,2112.0,67.19,703.1,17.6,72.0
11000.0,11.5,28.0,29.0,9282.0,791.0,185.0,12.7,-120.0,77.0,100.0,8.664,91.9,392.16,0.0,0.0,0.0,80.0,256.0,2112.0,66.8,796.9,17.6,72.0
11100.0,11.5,28.0,29.0,9316.0,791.0,185.0,12.7,-120.0,77.0,100.0,8.708,92.4,387.25,0.0,0.0,0.0,79.0,256.0,2112.0,67.19,898.4,17.6,72.0
11200.0,11.5,28.0,29.0,9264.0,791.0,185.0,12.7,-120.0,77.0,100.0,8.708,92.4,392.16,0.0,0.0,0.0,80.0,256.0,2112.0,67.19,992.2,17.6,72.0
11300.0,11.5,28.0,29.0,9282.0,791.0,185.0,12.7,-120.0,77.0,100.0,8.708,92.4,387.25,0.0,0.0,0.0,79.0,256.0,2112.0,67.19,93.8,17.6,72.0
11400.0,11.5,28.0,29.0,9293.0,791.0,185.0,12.7,-120.0,77.0,100.0,8.708,92.4,392.16,0.0,0.0,0.0,80.0,256.0,2112.0,67.19,187.5,17.5,77.0
11500.0,11.5,28.0,29.0,9305.0,791.0,185.0,12.7,-120.0,77.0,100.0,8.708,92.9,392.16,0.0,0.0,0.0,80.0,256.0,2112.0,67.19,289.1,17.5,77.0
11600.0,11.5,28.0,29.0,9305.0,791.0,185.0,12.7,-120.0,77.0,100.0,8.708,92.4,392.16,0.0,0.0,0.0,80.0,256.0,2112.0,67.19,382.8,17.5,77.0
11700.0,11.5,28.0,29.0,9299.0,791.0,185.0,12.7,-120.0,77.0,100.0,8.708,92.4,392.16,0.0,0.0,0.0,80.0,256.0,2112.0,67.19,484.4,17.5,77.0
11800.0,11.5,28.0,29.0,9293.0,791.0,185.0,12.7,-120.0,77.0,100.0,8.752,92.9,392.16,0.0,0.0,0.0,80.0,256.0,2112.0,67.58,578.1,17.5,77.0
11900.0,11.5,28.0,29.0,9305.0,791.0,185.0,12.7,-120.0,77.0,100.0,8.708,91.9,392.16,0.0,0.0,0.0,80.0,256.0,2112.0,67.19,679.7,17.5,77.0
12000.0,11.5,28.0,29.0,9322.0,790.0,185.0,12.7,-120.0,77.0,100.0,8.708,92.4,392.16,0.0,0.0,0.0,80.0,256.0,2112.0,67.19,773.4,17.5,77.0
12100.0,11.5,28.0,29.0,9322.0,791.0,185.0,12.7,-120.0,77.0,100.0,8.708,92.4,387.25,0.0,0.0,0.0,79.0,256.0,2112.0,67.58,875.0,17.5,77.0
12200.0,11.5,28.0,29.0,9310.0,792.0,185.0,12.7,-120.0,77.0,100.0,8.664,91.9,387.25,0.0,0.0,0.0,79.0,256.0,2112.0,66.8,968.8,17.5,77.0
12300.0,11.5,28.0,29.0,9334.0,791.0,185.0,12.7,-120.0,77.0,100.0,8.708,92.4,392.16,0.0,0.0,0.0,80.0,256.0,2112.0,67.58,70.3,17.5,77.0
12400.0,11.5,28.0,29.0,9299.0,791.0,185.0,12.6,-120.0,77.0,100.0,8.708,92.4,392.16,0.0,0.0,0.0,80.0,256.0,2112.0,67.19,164.1,17.1,80.0
12500.0,11.5,28.0,29.0,9339.0,790.0,185.0,12.7,-120.0,77.0,100.0,8.708,92.4,392.16,0.0,0.0,0.0,80.0,256.0,2112.0,67.58,265.6,17.1,80.0
12600.0,11.5,28.0,29.0,9339.0,791.0,185.0,12.7,-120.0,77.0,100.0,8.664,91.9,387.25,0.0,0.0,0.0,79.0,256.0,2112.0,67.19,359.4,17.1,80.0
12700.0,11.5,28.0,29.0,9339.0,791.0,185.0,12.7,-120.0,77.0,100.0,8.664,91.9,392.16,0.0,0.0,0.0,80.0,256.0,2112.0,67.19,460.9,17.1,80.0
12800.0,11.5,28.0,29.0,9305.0,790.0,185.0,12.7,-120.0,77.0,100.0,8.752,92.9,392.16,0.0,0.0,0.0,80.0,256.0,2112.0,67.58,554.7,17.1,80.0
12900.0,11.5,28.0,29.0,9299.0,791.0,185.0,12.6,-120.0,77.0,100.0,8.664,92.4,392.16,0.0,0.0,0.0,80.0,256.0,2112.0,66.8,656.2,17.1,80.0
13000.0,11.5,28.0,29.0,9322.0,791.0,185.0,12.6,-120.0,77.0,100.0,8.664,92.4,392.16,0.0,0.0,0.0,80.0,256.0,2112.0,67.19,851.6,17.1,80.0
13100.0,11.5,28.0,29.0,9322.0,791.0,185.0,12.6,-120.0,77.0,100.0,8.664,92.4,392.16,0.0,0.0,0.0,80.0,256.0,2112.0,67.19,851.6,17.1,80.0
13200.0,11.5,28.0,29.0,9334.0,791.0,185.0,12.7,-120.0,77.0,100.0,8.708,92.4,392.16,0.0,0.0,0.0,80.0,256.0,2112.0,67.19,945.3,17.1,80.0
13300.0,11.5,28.0,29.0,9305.0,792.0,185.0,12.7,-120.0,77.0,100.0,8.708,92.4,392.16,0.0,0.0,0.0,80.0,256.0,2112.0,67.19,140.6,17.1,80.0
13400.0,11.5,28.0,29.0,9305.0,792.0,185.0,12.7,-120.0,77.0,100.0,8.708,92.4,392.16,0.0,0.0,0.0,80.0,256.0,2112.0,67.19,140.6,17.7,82.0
13500.0,11.5,28.0,29.0,9316.0,791.0,185.0,12.6,-120.0,77.0,100.0,8.664,91.9,387.25,0.0,0.0,0.0,79.0,256.0,2112.0,67.19,335.9,17.7,82.0
13600.0,11.5,28.0,29.0,9316.0,791.0,185.0,12.6,-120.0,77.0,100.0,8.664,91.9,387.25,0.0,0.0,0.0,79.0,256.0,2112.0,67.19,335.9,17.7,82.0
13700.0,11.5,28.0,29.0,9328.0,791.0,185.0,12.6,-120.0,77.0,100.0,8.708,92.4,392.16,0.0,0.0,0.0,80.0,256.0,2112.0,67.58,531.2,17.7,82.0
13800.0,11.5,28.0,29.0,9322.0,791.0,185.0,12.6,-120.0,77.0,100.0,8.752,91.9,392.16,0.0,0.0,0.0,80.0,256.0,2112.0,67.97,632.8,17.7,82.0
13900.0,11.5,28.0,29.0,9322.0,790.0,185.0,12.6,-120.0,77.0,100.0,8.708,92.4,392.16,0.0,0.0,0.0,80.0,256.0,2112.0,67.19,726.6,17.7,82.0
14000.0,11.5,28.0,29.0,9310.0,791.0,185.0,12.6,-120.0,77.0,100.0,8.664,92.4,387.25,0.0,0.0,0.0,79.0,256.0,2112.0,67.19,828.1,17.7,82.0
14100.0,11.5,28.0,29.0,9310.0,791.0,185.0,12.6,-120.0,77.0,100.0,8.752,92.9,392.16,0.0,0.0,0.0,80.0,256.0,2112.0,67.58,921.9,17.7,82.0
14200.0,11.5,28.0,29.0,9316.0,791.0,185.0,12.6,-120.0,77.0,100.0,8.664,91.9,392.16,0.0,0.0,0.0,80.0,256.0,2112.0,67.19,23.4,17.7,82.0
14300.0,11.5,28.0,29.0,9328.0,791.0,185.0,12.6,-120.0,77.0,100.0,8.708,92.4,392.16,0.0,0.0,0.0,80.0,256.0,2112.0,67.58,117.2,17.7,82.0
14400.0,11.5,28.0,29.0,9357.0,791.0,185.0,12.7,-120.0,77.0,100.0,8.708,92.4,392.16,0.0,0.0,0.0,80.0,256.0,2112.0,67.58,218.8,18.2,87.0
14500.0,11.5,28.0,29.0,9328.0,790.0,185.0,12.7,-120.0,77.0,100.0,8.708,92.4,392.16,0.0,0.0,0.0,80.0,256.0,2112.0,67.58,312.5,18.2,87.0
14600.0,11.5,28.0,29.0,9339.0,791.0,185.0,12.7,-120.0,77.0,100.0,8.664,91.9,392.16,0.0,0.0,0.0,80.0,256.0,2112.0,67.19,414.1,18.2,87.0
14700.0,11.5,28.0,29.0,9316.0,791.0,185.0,12.6,-120.0,77.0,100.0,8.708,92.4,392.16,0.0,0.0,0.0,80.0,256.0,2112.0,67.58,507.8,18.2,87.0
14800.0,11.5,28.0,29.0,9334.0,791.0,185.0,12.6,-120.0,77.0,100.0,8.708,92.4,392.16,0.0,0.0,0.0,80.0,256.0,2112.0,67.58,609.4,18.2,87.0
14900.0,11.5,28.0,29.0,9328.0,791.0,185.0,12.6,-120.0,77.0,100.0,8.708,92.4,387.25,0.0,0.0,0.0,79.0,256.0,2112.0,67.19,703.1,18.2,87.0
15000.0,11.5,28.0,29.0,9328.0,790.0,185.0,12.6,-120.0,77.0,100.0,8.664,92.4,387.25,0.0,0.0,0.0,79.0,256.0,2112.0,67.19,804.7,18.2,87.0
15100.0,11.5,28.0,29.0,9334.0,791.0,185.0,12.6,-120.0,77.0,100.0,8.708,92.4,392.16,0.0,0.0,0.0,80.0,256.0,2112.0,67.19,898.4,18.2,87.0
15200.0,11.5,28.0,29.0,9322.0,791.0,185.0,12.6,-120.0,77.0,100.0,8.708,92.4,392.16,0.0,0.0,0.0,80.0,256.0,2112.0,67.58,0.0,18.2,87.0
15300.0,11.5,28.0,29.0,9328.0,791.0,185.0,12.7,-120.0,77.0,100.0,8.752,92.4,392.16,0.0,0.0,0.0,80.0,256.0,2112.0,67.58,93.8,18.2,87.0
15400.0,11.5,28.0,29.0,9305.0,791.0,185.0,12.6,-120.0,76.0,100.0,8.708,92.4,387.25,0.0,0.0,0.0,79.0,256.0,2112.0,67.19,195.3,18.9,87.0
15500.0,11.5,28.0,29.0,9299.0,791.0,185.0,12.7,-120.0,76.0,100.0,8.752,92.9,392.16,0.0,0.0,0.0,80.0,256.0,2112.0,67.58,289.1,18.9,87.0
15600.0,11.5,28.0,29.0,9334.0,791.0,185.0,12.7,-120.0,76.0,100.0,8.708,92.4,392.16,0.0,0.0,0.0,80.0,256.0,2112.0,67.58,390.6,18.9,87.0
15700.0,11.5,28.0,29.0,9322.0,791.0,185.0,12.7,-120.0,76.0,100.0,8.708,92.4,392.16,0.0,0.0,0.0,80.0,256.0,2112.0,67.58,484.4,18.9,87.0
15800.0,11.5,28.0,30.0,9351.0,791.0,185.0,12.7,-120.0,76.0,100.0,8.708,92.4,392.16,0.0,0.0,0.0,80.0,256.0,2112.0,67.58,585.9,18.9,87.0
15900.0,11.5,28.0,29.0,9339.0,791.0,185.0,12.6,-120.0,76.0,100.0,8.664,91.9,392.16,0.0,0.0,0.0,80.0,256.0,2112.0,67.19,781.2,18.9,87.0
16000.0,11.5,28.0,30.0,9363.0,790.0,185.0,12.6,-120.0,76.0,100.0,8.664,92.4,392.16,0.0,0.0,0.0,80.0,256.0,2112.0,67.58,781.2,18.9,87.0
16100.0,11.5,28.0,30.0,9357.0,791.0,185.0,12.6,-120.0,76.0,100.0,8.708,91.9,392.16,0.0,0.0,0.0,80.0,256.0,2112.0,67.97,976.6,18.9,87.0
16200.0,11.5,28.0,30.0,9363.0,791.0,185.0,12.6,-120.0,76.0,100.0,8.708,92.4,392.16,0.0,0.0,0.0,80.0,256.0,2112.0,67.58,70.3,18.9,87.0
16300.0,11.5,28.0,30.0,9363.0,791.0,185.0,12.6,-120.0,76.0,100.0,8.708,92.4,392.16,0.0,0.0,0.0,80.0,256.0,2112.0,67.58,70.3,18.9,87.0
16400.0,11.5,28.0,30.0,9380.0,791.0,185.0,12.6,-120.0,76.0,100.0,8.664,92.9,392.16,0.0,0.0,0.0,80.0,256.0,2112.0,67.19,171.9,19.3,89.0
16500.0,11.5,28.0,30.0,9386.0,791.0,185.0,12.6,-120.0,76.0,100.0,8.708,92.4,387.25,0.0,0.0,0.0,79.0,256.0,2112.0,67.58,367.2,19.3,89.0
16600.0,11.5,28.0,30.0,9351.0,791.0,185.0,12.6,-120.0,76.0,100.0,8.708,92.4,392.16,0.0,0.0,0.0,80.0,256.0,2112.0,67.58,460.9,19.3,89.0
16700.0,11.5,28.0,30.0,9369.0,792.0,185.0,12.6,-120.0,76.0,100.0,8.708,92.9,392.16,0.0,0.0,0.0,80.0,256.0,2112.0,67.58,562.5,19.3,89.0
16800.0,11.5,28.0,30.0,9369.0,792.0,185.0,12.6,-120.0,76.0,100.0,8.708,92.9,392.16,0.0,0.0,0.0,80.0,256.0,2112.0,67.58,562.5,19.3,89.0
16900.0,11.5,27.0,29.0,9334.0,791.0,185.0,12.6,-120.0,76.0,100.0,8.708,92.4,392.16,0.0,0.0,0.0,80.0,256.0,2112.0,67.58,757.8,19.3,89.0
17000.0,11.5,27.0,30.0,9351.0,791.0,185.0,12.6,-120.0,76.0,100.0,8.732,92.4,392.16,0.0,0.0,0.0,80.0,256.0,2112.0,67.97,851.6,19.3,89.0
17100.0,11.5,27.0,29.0,9328.0,791.0,185.0,12.6,-120.0,76.0,100.0,8.776,92.9,387.25,0.0,0.0,0.0,79.0,256.0,2112.0,67.97,953.1,19.3,89.0
17200.0,11.5,27.0,29.0,9328.0,791.0,185.0,12.6,-120.0,76.0,100.0,8.732,92.4,392.16,0.0,0.0,0.0,80.0,256.0,2112.0,67.58,46.9,19.3,89.0
17300.0,11.5,27.0,29.0,9334.0,791.0,185.0,12.6,-120.0,76.0,100.0,8.732,92.4,392.16,0.0,0.0,0.0,80.0,256.0,2112.0,67.58,148.4,19.3,89.0
17400.0,11.5,27.0,29.0,9316.0,791.0,185.0,12.6,-120.0,76.0,100.0,8.732,92.4,392.16,0.0,0.0,0.0,80.0,256.0,2112.0,67.58,242.2,19.3,90.0
17500.0,11.5,27.0,29.0,9322.0,790.0,185.0,12.6,-120.0,76.0,100.0,8.776,92.9,392.16,0.0,0.0,0.0,80.0,256.0,2112.0,67.97,343.8,19.3,90.0
17600.0,11.5,27.0,29.0,9322.0,791.0,185.0,12.6,-120.0,76.0,100.0,8.732,92.4,392.16,0.0,0.0,0.0,80.0,256.0,2112.0,67.58,437.5,19.3,90.0
17700.0,11.5,27.0,29.0,9328.0,791.0,185.0,12.6,-120.0,76.0,100.0,8.732,92.9,392.16,0.0,0.0,0.0,80.0,256.0,2112.0,67.58,539.1,19.3,90.0
17800.0,11.5,27.0,29.0,9351.0,792.0,185.0,12.6,-120.0,76.0,100.0,8.776,92.9,387.25,0.0,0.0,0.0,79.0,256.0,2112.0,67.97,632.8,19.3,90.0
17900.0,11.5,27.0,29.0,9334.0,791.0,185.0,12.6,-120.0,76.0,100.0,8.732,92.4,392.16,0.0,0.0,0.0,80.0,256.0,2112.0,67.58,734.4,19.3,90.0
18000.0,11.5,27.0,29.0,9334.0,790.0,185.0,12.6,-120.0,76.0,100.0,8.776,92.9,387.25,0.0,0.0,0.0,79.0,256.0,2112.0,67.97,828.1,19.3,90.0
18100.0,11.5,27.0,29.0,9316.0,791.0,185.0,12.6,-120.0,76.0,100.0,8.776,92.9,392.16,0.0,0.0,0.0,80.0,256.0,2112.0,67.97,929.7,19.3,90.0
18200.0,11.5,27.0,29.0,9334.0,791.0,185.0,12.6,-120.0,76.0,100.0,8.732,92.4,392.16,0.0,0.0,0.0,80.0,256.0,2112.0,67.58,23.4,19.3,90.0
18300.0,11.5,27.0,29.0,9345.0,792.0,185.0,12.6,-120.0,76.0,100.0,8.776,92.9,392.16,0.0,0.0,0.0,80.0,256.0,2112.0,67.97,125.0,19.3,90.0
18400.0,11.5,27.0,29.0,9339.0,791.0,185.0,12.6,-120.0,76.0,100.0,8.732,92.4,392.16,0.0,0.0,0.0,80.0,256.0,2112.0,67.58,218.8,19.6,92.0
18500.0,11.5,27.0,30.0,9363.0,791.0,185.0,12.6,-120.0,76.0,100.0,8.732,92.4,392.16,0.0,0.0,0.0,80.0,256.0,2112.0,67.97,320.3,19.6,92.0
18600.0,11.5,27.0,29.0,9345.0,791.0,185.0,12.6,-120.0,76.0,100.0,8.684,91.9,392.16,0.0,0.0,0.0,80.0,256.0,2112.0,67.58,414.1,19.6,92.0
18700.0,11.5,27.0,29.0,9339.0,792.0,185.0,12.6,-120.0,76.0,100.0,8.776,92.9,392.16,0.0,0.0,0.0,80.0,256.0,2112.0,67.97,515.6,19.6,92.0
18800.0,11.5,27.0,30.0,9369.0,792.0,185.0,12.6,-120.0,76.0,100.0,8.732,92.4,392.16,0.0,0.0,0.0,80.0,256.0,2112.0,67.97,609.4,19.6,92.0
18900.0,11.5,27.0,30.0,9351.0,792.0,185.0,12.6,-120.0,76.0,100.0,8.732,92.4,392.16,0.0,0.0,0.0,80.0,256.0,2112.0,67.58,710.9,19.6,92.0
19000.0,11.5,27.0,30.0,9375.0,791.0,185.0,12.6,-120.0,76.0,100.0,8.732,92.4,392.16,0.0,0.0,0.0,80.0,256.0,2112.0,67.97,804.7,19.6,92.0
19100.0,11.5,27.0,30.0,9351.0,791.0,185.0,12.6,-120.0,76.0,100.0,8.732,92.4,392.16,0.0,0.0,0.0,80.0,256.0,2112.0,67.97,906.2,19.6,92.0
19200.0,11.5,27.0,30.0,9357.0,792.0,185.0,12.6,-120.0,76.0,100.0,8.732,92.4,387.25,0.0,0.0,0.0,79.0,256.0,2112.0,67.97,0.0,19.6,92.0
19300.0,11.5,27.0,30.0,9375.0,792.0,185.0,12.6,-120.0,76.0,100.0,8.732,92.4,392.16,0.0,0.0,0.0,80.0,256.0,2112.0,67.97,101.6,19.6,92.0
19400.0,11.5,27.0,30.0,9392.0,790.0,185.0,12.6,-120.0,76.0,100.0,8.732,92.4,392.16,0.0,0.0,0.0,80.0,256.0,2112.0,67.97,296.9,19.8,94.0
19500.0,11.5,27.0,30.0,9380.0,792.0,185.0,12.6,-120.0,75.0,100.0,8.732,92.4,392.16,0.0,0.0,0.0,80.0,256.0,2112.0,67.97,390.6,19.8,94.0
19600.0,11.5,27.0,30.0,9357.0,793.0,186.0,12.6,-120.0,75.0,100.0,8.732,92.4,392.16,0.0,0.0,0.0,80.0,256.0,2112.0,67.97,492.2,19.8,94.0
19700.0,11.5,27.0,30.0,9380.0,792.0,185.0,12.6,-120.0,75.0,100.0,8.732,92.4,392.16,0.0,0.0,0.0,80.0,256.0,2112.0,67.97,585.9,19.8,94.0
19800.0,11.5,27.0,29.0,9345.0,792.0,185.0,12.6,-120.0,75.0,100.0,8.732,92.4,392.16,0.0,0.0,0.0,80.0,256.0,2112.0,67.97,687.5,19.8,94.0
19900.0,11.5,27.0,30.0,9369.0,792.0,185.0,12.6,-120.0,75.0,100.0,8.732,92.4,392.16,0.0,0.0,0.0,80.0,256.0,2112.0,67.97,781.2,19.8,94.0
20000.0,11.5,27.0,30.0,9392.0,792.0,185.0,12.6,-120.0,75.0,100.0,8.732,92.4,392.16,0.0,0.0,0.0,80.0,256.0,2112.0,67.97,882.8,19.8,94.0
20100.0,11.5,27.0,30.0,9380.0,792.0,185.0,12.6,-120.0,75.0,100.0,8.776,92.4,387.25,0.0,0.0,0.0,79.0,256.0,2112.0,68.36,976.6,19.8,94.0
20200.0,11.5,27.0,30.0,9433.0,792.0,185.0,12.6,-120.0,75.0,100.0,8.732,92.4,387.25,0.0,0.0,0.0,79.0,256.0,2112.0,67.97,78.1,19.8,94.0
20300.0,11.5,27.0,30.0,9392.0,792.0,185.0,12.6,-120.0,75.0,100.0,8.732,92.4,392.16,0.0,0.0,0.0,80.0,256.0,2112.0,67.97,171.9,19.8,94.0
20400.0,11.5,27.0,30.0,9386.0,791.0,185.0,12.6,-120.0,75.0,100.0,8.732,92.4,392.16,0.0,0.0,0.0,80.0,256.0,2112.0,67.97,273.4,19.4,95.0
20500.0,11.5,27.0,30.0,9410.0,791.0,185.0,12.6,-120.0,75.0,100.0,8.732,92.9,387.25,0.0,0.0,0.0,79.0,256.0,2112.0,67.97,367.2,19.4,95.0
20600.0,11.5,27.0,30.0,9375.0,792.0,185.0,12.6,-120.0,75.0,100.0,8.732,92.4,387.25,0.0,0.0,0.0,79.0,256.0,2112.0,67.97,468.8,19.4,95.0
20700.0,11.5,27.0,30.0,9369.0,792.0,185.0,12.6,-120.0,75.0,100.0,8.776,92.9,392.16,0.0,0.0,0.0,80.0,256.0,2112.0,68.36,562.5,19.4,95.0
20800.0,11.5,27.0,30.0,9398.0,792.0,185.0,12.6,-120.0,75.0,100.0,8.732,92.4,392.16,0.0,0.0,0.0,80.0,256.0,2112.0,67.97,664.1,19.4,95.0
20900.0,11.5,27.0,30.0,9375.0,791.0,185.0,12.6,-120.0,75.0,100.0,8.776,92.9,392.16,0.0,0.0,0.0,80.0,256.0,2112.0,68.36,757.8,19.4,95.0
21000.0,11.5,27.0,30.0,9375.0,791.0,185.0,12.6,-120.0,75.0,100.0,8.732,92.4,392.16,0.0,0.0,0.0,80.0,256.0,2112.0,67.97,859.4,19.4,95.0
21100.0,11.5,27.0,30.0,9363.0,793.0,186.0,12.6,-120.0,75.0,100.0,8.776,92.9,392.16,0.0,0.0,0.0,80.0,256.0,2112.0,68.36,953.1,19.4,95.0
21200.0,11.5,27.0,30.0,9404.0,791.0,185.0,12.6,-120.0,75.0,100.0,8.732,91.9,392.16,0.0,0.0,0.0,80.0,256.0,2112.0,67.97,54.7,19.4,95.0
21300.0,11.5,27.0,30.0,9422.0,792.0,185.0,12.6,-120.0,75.0,100.0,8.776,92.9,392.16,0.0,0.0,0.0,80.0,256.0,2112.0,68.36,148.4,19.4,95.0
21400.0,11.5,27.0,30.0,9398.0,792.0,185.0,12.6,-120.0,75.0,100.0,8.732,92.4,392.16,0.0,0.0,0.0,80.0,256.0,2112.0,67.97,250.0,19.0,96.0
21500.0,11.5,27.0,30.0,9386.0,791.0,185.0,12.6,-120.0,75.0,100.0,8.732,92.4,392.16,0.0,0.0,0.0,80.0,256.0,2112.0,68.36,343.8,19.0,96.0
21600.0,11.5,27.0,30.0,9404.0,792.0,185.0,12.6,-120.0,75.0,100.0,8.684,91.9,387.25,0.0,0.0,0.0,79.0,256.0,2112.0,67.58,445.3,19.0,96.0
21700.0,11.5,27.0,30.0,9398.0,791.0,185.0,12.6,-120.0,75.0,100.0,8.732,92.4,392.16,0.0,0.0,0.0,80.0,256.0,2112.0,68.36,539.1,19.0,96.0
21800.0,11.5,27.0,30.0,9404.0,793.0,186.0,12.6,-120.0,75.0,100.0,8.732,91.9,392.16,0.0,0.0,0.0,80.0,256.0,2112.0,68.36,640.6,19.0,96.0
21900.0,11.5,27.0,30.0,9410.0,791.0,185.0,12.6,-120.0,75.0,100.0,8.732,92.9,392.16,0.0,0.0,0.0,80.0,256.0,2112.0,68.36,734.4,19.0,96.0
22000.0,11.5,27.0,30.0,9410.0,791.0,185.0,12.6,-120.0,75.0,100.0,8.732,92.4,392.16,0.0,0.0,0.0,80.0,256.0,2112.0,68.36,835.9,19.0,96.0
22100.0,11.5,27.0,30.0,9392.0,791.0,185.0,12.6,-120.0,75.0,100.0,8.732,92.4,392.16,0.0,0.0,0.0,80.0,256.0,2112.0,67.97,929.7,19.0,96.0
22200.0,11.5,27.0,30.0,9380.0,791.0,185.0,12.6,-120.0,75.0,100.0,8.776,92.9,392.16,0.0,0.0,0.0,80.0,256.0,2112.0,68.36,31.2,19.0,96.0
22300.0,11.5,27.0,30.0,9398.0,791.0,185.0,12.6,-120.0,75.0,100.0,8.732,92.4,392.16,0.0,0.0,0.0,80.0,256.0,2112.0,68.36,125.0,19.0,96.0
22400.0,11.5,27.0,30.0,9392.0,791.0,185.0,12.6,-120.0,75.0,100.0,8.732,91.9,387.25,0.0,0.0,0.0,79.0,256.0,2112.0,68.36,226.6,18.6,96.0
22500.0,11.5,27.0,30.0,9428.0,790.0,185.0,12.6,-120.0,75.0,100.0,8.684,91.9,392.16,0.0,0.0,0.0,80.0,256.0,2112.0,67.97,320.3,18.6,96.0
22600.0,11.5,27.0,30.0,9422.0,791.0,185.0,12.6,-120.0,75.0,100.0,8.732,92.4,392.16,0.0,0.0,0.0,80.0,256.0,2112.0,68.36,421.9,18.6,96.0
22700.0,11.5,27.0,30.0,9416.0,792.0,185.0,12.6,-120.0,75.0,100.0,8.776,92.9,392.16,0.0,0.0,0.0,80.0,256.0,2112.0,68.75,617.2,18.6,96.0
22800.0,11.5,27.0,30.0,9416.0,792.0,185.0,12.6,-120.0,75.0,100.0,8.732,92.4,392.16,0.0,0.0,0.0,80.0,256.0,2112.0,68.36,710.9,18.6,96.0
22900.0,11.5,27.0,30.0,9404.0,792.0,185.0,12.6,-120.0,75.0,100.0,8.732,92.4,392.16,0.0,0.0,0.0,80.0,256.0,2112.0,68.36,812.5,18.6,96.0
23000.0,11.5,27.0,30.0,9428.0,792.0,185.0,12.6,-120.0,75.0,100.0,8.684,91.9,392.16,0.0,0.0,0.0,80.0,256.0,2112.0,67.97,906.2,18.6,96.0
23100.0,11.5,27.0,30.0,9428.0,792.0,185.0,12.6,-120.0,75.0,100.0,8.684,91.9,392.16,0.0,0.0,0.0,80.0,256.0,2112.0,67.97,906.2,18.6,96.0
23200.0,11.5,27.0,30.0,9433.0,792.0,185.0,12.6,-120.0,75.0,100.0,8.684,91.9,392.16,0.0,0.0,0.0,80.0,256.0,2112.0,67.97,7.8,18.6,96.0
23300.0,11.5,27.0,30.0,9416.0,792.0,185.0,12.6,-120.0,74.0,100.0,8.732,92.4,392.16,0.0,0.0,0.0,80.0,256.0,2112.0,68.36,203.1,18.6,96.0
23400.0,11.5,27.0,30.0,9410.0,790.0,185.0,12.6,-120.0,74.0,100.0,8.684,91.9,392.16,0.0,0.0,0.0,80.0,256.0,2112.0,67.97,296.9,17.8,97.0
23500.0,11.5,27.0,30.0,9410.0,790.0,185.0,12.6,-120.0,74.0,100.0,8.684,91.9,392.16,0.0,0.0,0.0,80.0,256.0,2112.0,67.97,296.9,17.8,97.0
23600.0,11.5,27.0,30.0,9439.0,791.0,185.0,12.6,-120.0,74.0,100.0,8.684,91.9,392.16,0.0,0.0,0.0,80.0,256.0,2112.0,67.97,492.2,17.8,97.0
23700.0,11.5,27.0,30.0,9439.0,791.0,185.0,12.6,-120.0,74.0,100.0,8.684,91.9,392.16,0.0,0.0,0.0,80.0,256.0,2112.0,67.97,492.2,17.8,97.0
23800.0,11.5,27.0,30.0,9457.0,790.0,185.0,12.6,-120.0,74.0,100.0,8.64,91.4,392.16,0.0,0.0,0.0,80.0,256.0,2112.0,67.97,687.5,17.8,97.0
23900.0,11.5,27.0,30.0,9457.0,790.0,185.0,12.6,-120.0,74.0,100.0,8.64,91.4,392.16,0.0,0.0,0.0,80.0,256.0,2112.0,67.97,687.5,17.8,97.0
24000.0,11.5,27.0,30.0,9457.0,789.0,185.0,12.6,-120.0,74.0,100.0,8.684,91.9,392.16,0.0,0.0,0.0,80.0,256.0,2112.0,67.97,882.8,17.8,97.0
24100.0,11.5,27.0,30.0,9410.0,790.0,185.0,12.6,-120.0,74.0,100.0,8.684,91.9,387.25,0.0,0.0,0.0,79.0,256.0,2112.0,67.97,984.4,17.8,97.0
24200.0,11.5,27.0,30.0,9416.0,789.0,185.0,12.6,-120.0,74.0,100.0,8.684,92.4,392.16,0.0,0.0,0.0,80.0,256.0,2112.0,67.97,78.1,17.8,97.0
24300.0,11.5,27.0,30.0,9439.0,789.0,185.0,12.6,-120.0,74.0,100.0,8.684,92.4,392.16,0.0,0.0,0.0,80.0,256.0,2112.0,67.97,179.7,17.8,97.0
24400.0,11.5,27.0,30.0,9404.0,790.0,185.0,12.6,-120.0,74.0,100.0,8.684,91.9,392.16,0.0,0.0,0.0,80.0,256.0,2112.0,67.97,273.4,17.8,98.0
24500.0,11.5,27.0,30.0,9404.0,789.0,185.0,12.6,-120.0,74.0,100.0,8.732,92.4,392.16,0.0,0.0,0.0,80.0,256.0,2112.0,68.36,375.0,17.8,98.0
24600.0,11.5,27.0,30.0,9428.0,790.0,185.0,12.6,-120.0,74.0,100.0,8.684,91.9,387.25,0.0,0.0,0.0,79.0,256.0,2112.0,67.97,468.8,17.8,98.0
24700.0,11.5,27.0,30.0,9410.0,790.0,185.0,12.6,-120.0,74.0,100.0,8.64,92.4,392.16,0.0,0.0,0.0,80.0,256.0,2112.0,67.58,570.3,17.8,98.0
24800.0,11.5,27.0,30.0,9416.0,790.0,185.0,12.6,-120.0,74.0,100.0,8.684,91.9,392.16,0.0,0.0,0.0,80.0,256.0,2112.0,67.97,664.1,17.8,98.0
24900.0,11.5,27.0,30.0,9416.0,791.0,185.0,12.6,-120.0,74.0,100.0,8.732,92.4,392.16,0.0,0.0,0.0,80.0,256.0,2112.0,68.36,765.6,17.8,98.0
25000.0,11.5,27.0,30.0,9386.0,790.0,185.0,12.6,-120.0,74.0,100.0,8.732,92.4,392.16,0.0,0.0,0.0,80.0,256.0,2112.0,67.97,859.4,17.8,98.0
25100.0,11.5,27.0,30.0,9410.0,791.0,185.0,12.6,-120.0,74.0,100.0,8.732,92.4,392.16,0.0,0.0,0.0,80.0,256.0,2112.0,68.36,960.9,17.8,98.0
25200.0,11.5,27.0,30.0,9398.0,790.0,185.0,12.6,-120.0,74.0,100.0,8.684,91.9,392.16,0.0,0.0,0.0,80.0,256.0,2112.0,67.97,54.7,17.8,98.0
25300.0,11.5,27.0,30.0,9404.0,791.0,185.0,12.6,-120.0,74.0,100.0,8.732,91.9,392.16,0.0,0.0,0.0,80.0,256.0,2112.0,68.36,156.2,17.8,98.0
25400.0,11.5,27.0,30.0,9422.0,790.0,185.0,12.6,-120.0,74.0,100.0,8.732,92.4,392.16,0.0,0.0,0.0,80.0,256.0,2112.0,68.36,250.0,17.7,99.0
25500.0,11.5,27.0,30.0,9404.0,790.0,185.0,12.6,-120.0,74.0,100.0,8.684,91.9,392.16,0.0,0.0,0.0,80.0,256.0,2112.0,67.97,351.6,17.7,99.0
25600.0,11.5,27.0,30.0,9404.0,791.0,185.0,12.6,-120.0,74.0,100.0,8.732,92.4,392.16,0.0,0.0,0.0,80.0,256.0,2112.0,68.36,445.3,17.7,99.0
25700.0,11.5,27.0,30.0,9439.0,791.0,185.0,12.6,-120.0,74.0,100.0,8.64,91.4,392.16,0.0,0.0,0.0,80.0,256.0,2112.0,67.58,546.9,17.7,99.0
25800.0,11.5,27.0,30.0,9416.0,791.0,185.0,12.6,-120.0,74.0,100.0,8.684,91.9,392.16,0.0,0.0,0.0,80.0,256.0,2112.0,67.97,640.6,17.7,99.0
25900.0,11.5,27.0,30.0,9410.0,790.0,185.0,12.6,-120.0,74.0,100.0,8.732,92.4,392.16,0.0,0.0,0.0,80.0,256.0,2112.0,67.97,835.9,17.7,99.0
26000.0,11.5,27.0,30.0,9380.0,791.0,185.0,12.6,-120.0,74.0,100.0,8.732,92.4,392.16,0.0,0.0,0.0,80.0,256.0,2112.0,67.97,937.5,17.7,99.0
26100.0,11.5,27.0,30.0,9380.0,792.0,185.0,12.6,-120.0,74.0,100.0,8.732,92.4,392.16,0.0,0.0,0.0,80.0,256.0,2112.0,67.97,31.2,17.7,99.0
26200.0,11.5,27.0,30.0,9410.0,791.0,185.0,12.6,-120.0,74.0,100.0,8.732,92.4,387.25,0.0,0.0,0.0,79.0,256.0,2112.0,67.97,132.8,17.7,99.0
26300.0,11.5,27.0,30.0,9392.0,791.0,185.0,12.6,-120.0,74.0,100.0,8.732,92.9,392.16,0.0,0.0,0.0,80.0,256.0,2112.0,67.97,226.6,17.7,99.0
26400.0,11.5,27.0,30.0,9392.0,790.0,185.0,12.6,-120.0,74.0,100.0,8.776,92.4,392.16,0.0,0.0,0.0,80.0,256.0,2112.0,68.36,328.1,17.6,99.0
26500.0,11.5,27.0,30.0,9416.0,791.0,185.0,12.6,-120.0,74.0,100.0,8.684,91.9,392.16,0.0,0.0,0.0,80.0,256.0,2112.0,67.97,421.9,17.6,99.0
26600.0,11.5,27.0,30.0,9386.0,792.0,185.0,12.6,-120.0,74.0,100.0,8.732,92.4,392.16,0.0,0.0,0.0,80.0,256.0,2112.0,67.97,523.4,17.6,99.0
26700.0,11.5,27.0,30.0,9404.0,791.0,185.0,12.6,-120.0,74.0,100.0,8.684,91.9,387.25,0.0,0.0,0.0,79.0,256.0,2112.0,67.97,617.2,17.6,99.0
26800.0,11.5,27.0,30.0,9416.0,792.0,185.0,12.6,-120.0,74.0,100.0,8.64,92.4,392.16,0.0,0.0,0.0,80.0,256.0,2112.0,67.58,718.8,17.6,99.0
26900.0,11.5,27.0,30.0,9386.0,791.0,185.0,12.6,-120.0,74.0,100.0,8.732,92.4,392.16,0.0,0.0,0.0,80.0,256.0,2112.0,67.97,812.5,17.6,99.0
27000.0,11.5,27.0,30.0,9404.0,791.0,185.0,12.6,-120.0,73.0,100.0,8.8,92.4,392.16,0.0,0.0,0.0,80.0,256.0,2128.0,68.75,914.1,17.6,99.0
27100.0,11.5,27.0,30.0,9357.0,791.0,185.0,12.6,-120.0,73.0,100.0,8.844,92.9,392.16,0.0,0.0,0.0,80.0,256.0,2128.0,68.75,7.8,17.6,99.0
27200.0,11.5,27.0,30.0,9369.0,791.0,185.0,12.6,-120.0,73.0,100.0,8.8,92.4,392.16,0.0,0.0,0.0,80.0,256.0,2128.0,68.75,109.4,17.6,99.0
27300.0,11.5,27.0,30.0,9392.0,792.0,185.0,12.6,-120.0,73.0,100.0,8.844,92.9,387.25,0.0,0.0,0.0,79.0,256.0,2128.0,68.75,203.1,17.6,99.0
27400.0,11.5,27.0,30.0,9375.0,791.0,185.0,12.6,-120.0,73.0,100.0,8.844,92.9,392.16,0.0,0.0,0.0,80.0,256.0,2128.0,68.75,304.7,17.4,99.0
27500.0,11.5,27.0,30.0,9363.0,792.0,185.0,12.6,-120.0,73.0,100.0,8.844,92.9,392.16,0.0,0.0,0.0,80.0,256.0,2128.0,68.75,398.4,17.4,99.0
27600.0,11.5,27.0,30.0,9398.0,792.0,185.0,12.6,-120.0,73.0,100.0,8.8,92.4,387.25,0.0,0.0,0.0,79.0,256.0,2128.0,68.75,500.0,17.4,99.0
27700.0,11.5,27.0,30.0,9363.0,792.0,185.0,12.6,-120.0,73.0,100.0,8.844,92.9,387.25,0.0,0.0,0.0,79.0,256.0,2128.0,68.75,593.8,17.4,99.0
27800.0,11.5,27.0,30.0,9380.0,791.0,185.0,12.6,-120.0,73.0,100.0,8.892,93.5,392.16,0.0,0.0,0.0,80.0,256.0,2128.0,69.14,695.3,17.4,99.0
27900.0,11.5,27.0,30.0,9392.0,791.0,185.0,12.6,-120.0,73.0,100.0,8.8,92.4,387.25,0.0,0.0,0.0,79.0,256.0,2128.0,68.75,789.1,17.4,99.0
28000.0,11.5,27.0,30.0,9363.0,791.0,185.0,12.6,-120.0,73.0,100.0,8.844,92.9,392.16,0.0,0.0,0.0,80.0,256.0,2128.0,68.75,890.6,17.4,99.0
28100.0,11.5,27.0,30.0,9375.0,791.0,185.0,12.6,-120.0,73.0,100.0,8.844,92.9,392.16,0.0,0.0,0.0,80.0,256.0,2128.0,68.75,984.4,17.4,99.0
28200.0,11.5,27.0,30.0,9369.0,791.0,185.0,12.6,-120.0,73.0,100.0,8.8,92.4,392.16,0.0,0.0,0.0,80.0,256.0,2128.0,68.36,85.9,17.4,99.0
28300.0,11.5,27.0,30.0,9375.0,792.0,185.0,12.6,-120.0,73.0,100.0,8.8,92.4,392.16,0.0,0.0,0.0,80.0,256.0,2128.0,68.36,179.7,17.4,99.0
28400.0,11.5,27.0,30.0,9369.0,791.0,185.0,12.6,-120.0,73.0,100.0,8.844,92.9,392.16,0.0,0.0,0.0,80.0,256.0,2128.0,68.75,281.2,18.1,100.0
28500.0,11.5,27.0,30.0,9351.0,790.0,185.0,12.6,-120.0,73.0,100.0,8.844,92.4,392.16,0.0,0.0,0.0,80.0,256.0,2128.0,68.75,375.0,18.1,100.0
28600.0,11.5,27.0,30.0,9369.0,791.0,185.0,12.6,-120.0,73.0,100.0,8.844,92.9,392.16,0.0,0.0,0.0,80.0,256.0,2128.0,68.75,476.6,18.1,100.0
28700.0,11.5,27.0,30.0,9375.0,792.0,185.0,12.6,-120.0,73.0,100.0,8.844,92.9,392.16,0.0,0.0,0.0,80.0,256.0,2128.0,68.75,570.3,18.1,100.0
28800.0,11.5,27.0,30.0,9351.0,791.0,185.0,12.6,-120.0,73.0,100.0,8.844,92.9,392.16,0.0,0.0,0.0,80.0,256.0,2128.0,68.75,671.9,18.1,100.0
28900.0,11.5,27.0,30.0,9375.0,790.0,185.0,12.6,-120.0,73.0,100.0,8.844,92.9,392.16,0.0,0.0,0.0,80.0,256.0,2128.0,68.75,765.6,18.1,100.0
29000.0,11.5,27.0,30.0,9357.0,791.0,185.0,12.6,-120.0,73.0,100.0,8.892,93.5,392.16,0.0,0.0,0.0,80.0,256.0,2128.0,69.14,867.2,18.1,100.0
29100.0,11.5,27.0,30.0,9351.0,792.0,185.0,12.6,-120.0,73.0,100.0,8.8,92.4,392.16,0.0,0.0,0.0,80.0,256.0,2128.0,68.36,960.9,18.1,100.0
29200.0,11.5,27.0,30.0,9357.0,791.0,185.0,12.6,-120.0,73.0,100.0,8.844,92.4,392.16,0.0,0.0,0.0,80.0,256.0,2128.0,68.75,156.2,18.1,100.0
29300.0,11.5,27.0,30.0,9375.0,791.0,185.0,12.6,-120.0,73.0,100.0,8.8,92.4,392.16,0.0,0.0,0.0,80.0,256.0,2128.0,68.75,257.8,18.1,100.0
29400.0,11.5,27.0,30.0,9369.0,791.0,185.0,12.6,-120.0,73.0,100.0,8.844,92.9,392.16,0.0,0.0,0.0,80.0,256.0,2128.0,68.75,351.6,18.1,100.0
29500.0,11.5,27.0,30.0,9363.0,791.0,185.0,12.6,-120.0,73.0,100.0,8.844,92.9,392.16,0.0,0.0,0.0,80.0,256.0,2128.0,68.75,453.1,18.1,100.0
29600.0,11.5,27.0,30.0,9363.0,791.0,185.0,12.6,-120.0,73.0,100.0,8.844,92.9,392.16,0.0,0.0,0.0,80.0,256.0,2128.0,68.75,546.9,18.1,100.0
29700.0,11.5,27.0,29.0,9328.0,790.0,185.0,12.6,-120.0,73.0,100.0,8.844,92.9,387.25,0.0,0.0,0.0,79.0,256.0,2128.0,68.75,648.4,18.1,100.0
29800.0,11.5,27.0,29.0,9334.0,792.0,185.0,12.6,-120.0,73.0,100.0,8.892,93.5,392.16,0.0,0.0,0.0,80.0,256.0,2128.0,69.14,742.2,18.1,100.0
29900.0,11.5,27.0,29.0,9339.0,792.0,185.0,12.6,-120.0,73.0,100.0,8.844,92.9,392.16,0.0,0.0,0.0,80.0,256.0,2128.0,68.75,843.8,18.1,100.0
30000.0,11.5,27.0,29.0,9328.0,791.0,185.0,12.6,-120.0,73.0,100.0,8.844,92.9,392.16,0.0,0.0,0.0,80.0,256.0,2128.0,68.36,937.5,18.1,100.0
30100.0,11.5,27.0,29.0,9334.0,790.0,185.0,12.6,-120.0,73.0,100.0,8.844,92.9,392.16,0.0,0.0,0.0,80.0,256.0,2128.0,68.75,39.1,18.1,100.0
30200.0,11.5,27.0,29.0,9345.0,791.0,185.0,12.6,-120.0,73.0,100.0,8.844,92.9,392.16,0.0,0.0,0.0,80.0,256.0,2128.0,68.75,132.8,18.1,100.0
30300.0,11.5,27.0,29.0,9345.0,793.0,186.0,12.6,-120.0,73.0,100.0,8.844,93.5,392.16,0.0,0.0,0.0,80.0,256.0,2128.0,68.75,234.4,18.7,101.0
30400.0,11.5,27.0,29.0,9339.0,791.0,185.0,12.6,-120.0,73.0,100.0,8.892,93.5,392.16,0.0,0.0,0.0,80.0,256.0,2128.0,68.75,328.1,18.7,101.0
30500.0,11.5,27.0,29.0,9322.0,791.0,185.0,12.6,-120.0,73.0,100.0,8.844,93.5,392.16,0.0,0.0,0.0,80.0,256.0,2128.0,68.36,429.7,18.7,101.0
30600.0,11.5,27.0,30.0,9351.0,791.0,185.0,12.6,-120.0,73.0,100.0,8.844,92.9,392.16,0.0,0.0,0.0,80.0,256.0,2128.0,68.75,523.4,18.7,101.0
30700.0,11.5,27.0,29.0,9322.0,791.0,185.0,12.6,-120.0,72.0,100.0,8.844,92.9,387.25,0.0,0.0,0.0,79.0,256.0,2128.0,68.36,625.0,18.7,101.0
30800.0,11.5,27.0,30.0,9369.0,791.0,185.0,12.6,-120.0,72.0,100.0,8.844,92.9,392.16,0.0,0.0,0.0,80.0,256.0,2128.0,68.75,718.8,18.7,101.0
30900.0,11.5,26.0,30.0,9380.0,791.0,185.0,12.6,-120.0,72.0,100.0,8.8,92.4,392.16,0.0,0.0,0.0,80.0,256.0,2128.0,68.36,820.3,18.7,101.0
31000.0,11.5,26.0,30.0,9357.0,792.0,185.0,12.6,-120.0,72.0,100.0,8.88,92.9,392.16,0.0,0.0,0.0,80.0,256.0,2128.0,69.14,914.1,18.7,101.0
31100.0,11.5,26.0,30.0,9369.0,791.0,185.0,12.6,-120.0,72.0,100.0,8.88,92.9,392.16,0.0,0.0,0.0,80.0,256.0,2128.0,69.14,15.6,18.7,101.0
31200.0,11.5,26.0,30.0,9375.0,790.0,185.0,12.6,-120.0,72.0,100.0,8.88,92.9,387.25,0.0,0.0,0.0,79.0,256.0,2128.0,69.14,109.4,18.7,101.0
31300.0,11.5,26.0,30.0,9375.0,792.0,185.0,12.6,-120.0,72.0,100.0,8.88,93.5,392.16,0.0,0.0,0.0,80.0,256.0,2128.0,69.14,210.9,19.4,101.0
31400.0,11.5,26.0,30.0,9363.0,791.0,185.0,12.6,-120.0,72.0,100.0,8.924,93.5,392.16,0.0,0.0,0.0,80.0,256.0,2128.0,69.53,304.7,19.4,101.0
31500.0,11.5,26.0,30.0,9357.0,790.0,185.0,12.6,-120.0,72.0,100.0,8.88,92.9,392.16,0.0,0.0,0.0,80.0,256.0,2128.0,69.14,406.2,19.4,101.0
31600.0,11.5,26.0,30.0,9380.0,791.0,185.0,12.6,-120.0,72.0,100.0,8.88,92.9,387.25,0.0,0.0,0.0,79.0,256.0,2128.0,69.14,500.0,19.4,101.0
31700.0,11.5,26.0,29.0,9363.0,790.0,185.0,12.6,-120.0,72.0,100.0,8.88,92.9,392.16,0.0,0.0,0.0,80.0,256.0,2128.0,69.14,601.6,19.4,101.0
31800.0,11.5,26.0,29.0,9339.0,791.0,185.0,12.6,-120.0,72.0,100.0,8.88,92.9,392.16,0.0,0.0,0.0,80.0,256.0,2128.0,69.14,695.3,19.4,101.0
31900.0,11.5,26.0,30.0,9375.0,791.0,185.0,12.6,-120.0,72.0,100.0,8.88,92.9,392.16,0.0,0.0,0.0,80.0,256.0,2128.0,69.14,796.9,19.4,101.0
32000.0,11.5,26.0,30.0,9363.0,791.0,185.0,12.6,-120.0,72.0,100.0,8.832,92.4,392.16,0.0,0.0,0.0,80.0,256.0,2128.0,68.75,890.6,19.4,101.0
32100.0,11.5,26.0,30.0,9369.0,793.0,186.0,12.6,-120.0,72.0,100.0,8.88,92.9,392.16,0.0,0.0,0.0,80.0,256.0,2128.0,69.14,992.2,19.4,101.0
32200.0,11.5,26.0,30.0,9380.0,792.0,185.0,12.6,-120.0,72.0,100.0,8.88,92.9,387.25,0.0,0.0,0.0,79.0,256.0,2128.0,69.14,85.9,19.4,101.0
32300.0,11.5,26.0,29.0,9345.0,791.0,185.0,12.6,-120.0,72.0,100.0,8.88,92.9,392.16,0.0,0.0,0.0,80.0,256.0,2128.0,69.14,187.5,19.8,102.0
32400.0,11.5,26.0,30.0,9380.0,791.0,185.0,12.6,-120.0,72.0,100.0,8.88,92.9,392.16,0.0,0.0,0.0,80.0,256.0,2128.0,69.14,382.8,19.8,102.0
32500.0,11.5,26.0,29.0,9345.0,792.0,185.0,12.6,-120.0,72.0,100.0,8.88,92.9,392.16,0.0,0.0,0.0,80.0,256.0,2128.0,69.14,476.6,19.8,102.0
32600.0,11.5,26.0,30.0,9351.0,791.0,185.0,12.6,-120.0,72.0,100.0,8.88,92.9,392.16,0.0,0.0,0.0,80.0,256.0,2128.0,68.75,578.1,19.8,102.0
32700.0,11.5,26.0,29.0,9328.0,791.0,185.0,12.6,-120.0,72.0,100.0,8.88,92.9,392.16,0.0,0.0,0.0,80.0,256.0,2128.0,68.75,671.9,19.8,102.0
32800.0,11.5,26.0,29.0,9339.0,790.0,185.0,12.6,-120.0,72.0,100.0,8.832,92.9,392.16,0.0,0.0,0.0,80.0,256.0,2128.0,68.36,773.4,19.8,102.0
32900.0,11.5,26.0,29.0,9334.0,790.0,185.0,12.6,-120.0,72.0,100.0,8.88,92.9,387.25,0.0,0.0,0.0,79.0,256.0,2128.0,68.75,867.2,19.8,102.0
33000.0,11.5,26.0,29.0,9310.0,792.0,185.0,12.6,-120.0,72.0,100.0,8.88,93.5,392.16,0.0,0.0,0.0,80.0,256.0,2128.0,68.75,968.8,19.8,102.0
33100.0,11.5,26.0,29.0,9322.0,791.0,185.0,12.6,-120.0,72.0,100.0,8.924,93.5,392.16,0.0,0.0,0.0,80.0,256.0,2128.0,68.75,62.5,19.8,102.0
33200.0,11.5,26.0,29.0,9287.0,790.0,185.0,12.6,-120.0,72.0,100.0,8.924,93.5,392.16,0.0,0.0,0.0,80.0,256.0,2128.0,69.14,164.1,19.8,102.0
33300.0,11.5,26.0,29.0,9299.0,791.0,185.0,12.6,-120.0,72.0,100.0,8.88,92.9,392.16,0.0,0.0,0.0,80.0,256.0,2128.0,68.75,257.8,20.1,104.0
33400.0,11.5,26.0,29.0,9305.0,790.0,185.0,12.6,-120.0,72.0,100.0,8.88,92.9,392.16,0.0,0.0,0.0,80.0,256.0,2128.0,68.75,359.4,20.1,104.0
33500.0,11.5,26.0,29.0,9299.0,792.0,185.0,12.6,-120.0,72.0,100.0,8.924,93.5,392.16,0.0,0.0,0.0,80.0,256.0,2128.0,68.75,453.1,20.1,104.0
33600.0,11.5,26.0,29.0,9334.0,791.0,185.0,12.6,-120.0,72.0,100.0,8.88,92.9,387.25,0.0,0.0,0.0,79.0,256.0,2128.0,68.75,554.7,20.1,104.0
33700.0,11.5,26.0,29.0,9299.0,791.0,185.0,12.6,-120.0,72.0,100.0,8.924,93.5,392.16,0.0,0.0,0.0,80.0,256.0,2128.0,69.14,648.4,20.1,104.0
33800.0,11.5,26.0,29.0,9322.0,791.0,185.0,12.6,-120.0,72.0,100.0,8.924,93.5,392.16,0.0,0.0,0.0,80.0,256.0,2128.0,69.14,750.0,20.1,104.0
33900.0,11.5,26.0,29.0,9305.0,790.0,185.0,12.6,-120.0,72.0,100.0,8.972,93.5,392.16,0.0,0.0,0.0,80.0,256.0,2128.0,69.14,843.8,20.1,104.0
34000.0,11.5,26.0,29.0,9293.0,792.0,185.0,12.6,-120.0,72.0,100.0,8.972,94.0,392.16,0.0,0.0,0.0,80.0,256.0,2128.0,69.14,945.3,20.1,104.0
34100.0,11.5,26.0,29.0,9305.0,791.0,185.0,12.6,-120.0,72.0,100.0,8.924,93.5,392.16,0.0,0.0,0.0,80.0,256.0,2128.0,69.14,39.1,20.1,104.0
34200.0,11.5,26.0,29.0,9264.0,791.0,185.0,12.6,-120.0,72.0,100.0,9.016,94.0,392.16,0.0,0.0,0.0,80.0,256.0,2128.0,69.53,140.6,20.1,104.0
34300.0,11.5,26.0,29.0,9299.0,791.0,185.0,12.6,-120.0,72.0,100.0,8.924,93.5,392.16,0.0,0.0,0.0,80.0,256.0,2128.0,68.75,234.4,18.1,104.0
34400.0,11.5,26.0,29.0,9293.0,790.0,185.0,12.6,-120.0,72.0,100.0,8.924,92.9,392.16,0.0,0.0,0.0,80.0,256.0,2128.0,69.14,335.9,18.1,104.0
34500.0,11.5,26.0,29.0,9276.0,792.0,185.0,12.6,-120.0,72.0,100.0,8.924,93.5,392.16,0.0,0.0,0.0,80.0,256.0,2128.0,68.75,429.7,18.1,104.0
34600.0,11.5,26.0,29.0,9293.0,791.0,185.0,12.6,-120.0,72.0,100.0,8.924,93.5,392.16,0.0,0.0,0.0,80.0,256.0,2128.0,68.75,531.2,18.1,104.0
34700.0,11.5,26.0,29.0,9305.0,791.0,185.0,12.6,-120.0,72.0,100.0,8.972,93.5,392.16,0.0,0.0,0.0,80.0,256.0,2128.0,69.14,625.0,18.1,104.0
34800.0,11.5,26.0,29.0,9276.0,791.0,185.0,12.6,-120.0,72.0,100.0,8.924,93.5,392.16,0.0,0.0,0.0,80.0,256.0,2128.0,68.75,726.6,18.1,104.0
34900.0,11.5,26.0,29.0,9310.0,791.0,185.0,12.6,-120.0,72.0,100.0,8.924,93.5,392.16,0.0,0.0,0.0,80.0,256.0,2128.0,68.75,820.3,18.1,104.0
35000.0,11.5,26.0,29.0,9293.0,791.0,185.0,12.6,-120.0,72.0,100.0,8.972,94.0,387.25,0.0,0.0,0.0,79.0,256.0,2128.0,69.14,921.9,18.1,104.0
35100.0,11.5,26.0,29.0,9270.0,792.0,185.0,12.6,-120.0,72.0,100.0,8.924,93.5,392.16,0.0,0.0,0.0,80.0,256.0,2128.0,68.75,15.6,18.1,104.0
35200.0,11.5,26.0,29.0,9259.0,792.0,185.0,12.6,-120.0,71.0,100.0,8.972,94.0,392.16,0.0,0.0,0.0,80.0,256.0,2128.0,69.14,117.2,18.1,104.0
35300.0,11.5,26.0,29.0,9264.0,791.0,185.0,12.6,-120.0,71.0,100.0,8.972,94.0,392.16,0.0,0.0,0.0,80.0,256.0,2128.0,69.14,210.9,18.0,105.0
35400.0,11.5,26.0,29.0,9299.0,791.0,185.0,12.6,-120.0,71.0,100.0,8.972,94.0,392.16,0.0,0.0,0.0,80.0,256.0,2128.0,69.14,312.5,18.0,105.0
35500.0,11.5,26.0,29.0,9282.0,791.0,185.0,12.6,-120.0,71.0,100.0,8.972,93.5,392.16,0.0,0.0,0.0,80.0,256.0,2128.0,69.14,406.2,18.0,105.0
35600.0,11.5,26.0,29.0,9316.0,791.0,185.0,12.6,-120.0,71.0,100.0,8.924,93.5,392.16,0.0,0.0,0.0,80.0,256.0,2128.0,68.75,507.8,18.0,105.0
35700.0,11.5,26.0,29.0,9276.0,792.0,185.0,12.6,-120.0,71.0,100.0,8.924,93.5,387.25,0.0,0.0,0.0,79.0,256.0,2128.0,68.75,601.6,18.0,105.0
35800.0,11.5,26.0,29.0,9282.0,792.0,185.0,12.6,-120.0,71.0,100.0,8.972,93.5,392.16,0.0,0.0,0.0,80.0,256.0,2128.0,69.14,703.1,18.0,105.0
35900.0,11.5,26.0,29.0,9293.0,791.0,185.0,12.6,-120.0,71.0,100.0,8.924,93.5,392.16,0.0,0.0,0.0,80.0,256.0,2128.0,68.75,898.4,18.0,105.0
36000.0,11.5,26.0,29.0,9310.0,792.0,185.0,12.6,-120.0,71.0,100.0,8.924,93.5,392.16,0.0,0.0,0.0,80.0,256.0,2128.0,68.75,992.2,18.0,105.0
36100.0,11.5,26.0,29.0,9299.0,792.0,185.0,12.6,-120.0,71.0,100.0,8.924,93.5,392.16,0.0,0.0,0.0,80.0,256.0,2128.0,69.14,93.8,18.0,105.0
36200.0,11.5,26.0,29.0,9328.0,791.0,185.0,12.6,-120.0,71.0,100.0,8.924,93.5,392.16,0.0,0.0,0.0,80.0,256.0,2128.0,68.75,187.5,18.0,105.0
36300.0,11.5,26.0,29.0,9287.0,791.0,185.0,12.6,-120.0,71.0,100.0,8.924,93.5,392.16,0.0,0.0,0.0,80.0,256.0,2128.0,68.75,289.1,17.6,105.0
36400.0,11.5,26.0,29.0,9299.0,790.0,185.0,12.6,-120.0,71.0,100.0,8.924,93.5,392.16,0.0,0.0,0.0,80.0,256.0,2128.0,68.75,382.8,17.6,105.0
36500.0,11.5,26.0,29.0,9305.0,791.0,185.0,12.6,-120.0,71.0,100.0,8.924,93.5,392.16,0.0,0.0,0.0,80.0,256.0,2128.0,69.14,484.4,17.6,105.0
36600.0,11.5,26.0,29.0,9310.0,791.0,185.0,12.6,-120.0,71.0,100.0,8.924,93.5,392.16,0.0,0.0,0.0,80.0,256.0,2128.0,69.14,578.1,17.6,105.0
36700.0,11.5,26.0,29.0,9345.0,791.0,185.0,12.6,-120.0,71.0,100.0,8.924,93.5,392.16,0.0,0.0,0.0,80.0,256.0,2128.0,69.14,679.7,17.6,105.0
36800.0,11.5,26.0,29.0,9316.0,791.0,185.0,12.6,-120.0,71.0,100.0,8.924,93.5,392.16,0.0,0.0,0.0,80.0,256.0,2128.0,69.14,773.4,17.6,105.0
36900.0,11.5,26.0,29.0,9339.0,790.0,185.0,12.6,-120.0,71.0,100.0,8.88,92.9,392.16,0.0,0.0,0.0,80.0,256.0,2128.0,68.75,875.0,17.6,105.0
37000.0,11.5,26.0,29.0,9287.0,791.0,185.0,12.6,-120.0,71.0,100.0,8.924,93.5,392.16,0.0,0.0,0.0,80.0,256.0,2128.0,68.75,968.8,17.6,105.0
37100.0,11.5,26.0,29.0,9299.0,791.0,185.0,12.6,-120.0,71.0,100.0,8.924,92.9,392.16,0.0,0.0,0.0,80.0,256.0,2128.0,68.75,70.3,17.6,105.0
37200.0,11.5,26.0,29.0,9310.0,791.0,185.0,12.6,-120.0,71.0,100.0,8.924,93.5,392.16,0.0,0.0,0.0,80.0,256.0,2128.0,69.14,164.1,17.6,105.0
37300.0,11.5,26.0,29.0,9299.0,792.0,185.0,12.6,-120.0,71.0,100.0,8.924,93.5,387.25,0.0,0.0,0.0,79.0,256.0,2128.0,69.14,265.6,17.7,106.0
37400.0,11.5,26.0,29.0,9310.0,790.0,185.0,12.6,-120.0,71.0,100.0,8.924,93.5,392.16,0.0,0.0,0.0,80.0,256.0,2128.0,68.75,359.4,17.7,106.0
37500.0,11.5,26.0,29.0,9287.0,791.0,185.0,12.6,-120.0,71.0,100.0,8.924,93.5,392.16,0.0,0.0,0.0,80.0,256.0,2128.0,68.75,460.9,17.7,106.0
37600.0,11.5,26.0,29.0,9310.0,791.0,185.0,12.6,-120.0,71.0,100.0,8.924,93.5,392.16,0.0,0.0,0.0,80.0,256.0,2128.0,68.75,554.7,17.7,106.0
37700.0,11.5,26.0,29.0,9287.0,791.0,185.0,12.6,-120.0,71.0,100.0,8.924,93.5,392.16,0.0,0.0,0.0,80.0,256.0,2128.0,68.75,656.2,17.7,106.0
37800.0,11.5,26.0,29.0,9287.0,792.0,185.0,12.6,-120.0,71.0,100.0,8.924,93.5,387.25,0.0,0.0,0.0,79.0,256.0,2128.0,68.75,750.0,17.7,106.0
37900.0,11.5,26.0,29.0,9316.0,791.0,185.0,12.6,-120.0,71.0,100.0,8.88,92.9,392.16,0.0,0.0,0.0,80.0,256.0,2128.0,68.75,851.6,17.7,106.0
38000.0,11.5,26.0,29.0,9293.0,792.0,185.0,12.6,-120.0,71.0,100.0,8.924,93.5,387.25,0.0,0.0,0.0,79.0,256.0,2128.0,69.14,945.3,17.7,106.0
38100.0,11.5,26.0,29.0,9310.0,792.0,185.0,12.6,-120.0,71.0,100.0,8.924,93.5,392.16,0.0,0.0,0.0,80.0,256.0,2128.0,68.75,46.9,17.7,106.0
38200.0,11.5,26.0,29.0,9282.0,792.0,185.0,12.6,-120.0,71.0,100.0,8.924,93.5,392.16,0.0,0.0,0.0,80.0,256.0,2128.0,68.75,140.6,17.7,106.0
38300.0,11.5,26.0,29.0,9305.0,791.0,185.0,12.6,-120.0,71.0,100.0,8.88,92.9,392.16,0.0,0.0,0.0,80.0,256.0,2128.0,68.36,242.2,17.7,106.0
38400.0,11.5,26.0,29.0,9293.0,791.0,185.0,12.6,-120.0,71.0,100.0,8.88,92.9,387.25,0.0,0.0,0.0,79.0,256.0,2128.0,68.75,335.9,17.7,106.0
38500.0,11.5,26.0,29.0,9287.0,792.0,185.0,12.6,-120.0,71.0,100.0,8.924,93.5,392.16,0.0,0.0,0.0,80.0,256.0,2128.0,68.75,437.5,17.7,106.0
38600.0,11.5,26.0,29.0,9316.0,791.0,185.0,12.6,-120.0,71.0,100.0,8.924,93.5,392.16,0.0,0.0,0.0,80.0,256.0,2128.0,69.14,531.2,17.7,106.0
38700.0,11.5,26.0,29.0,9287.0,792.0,185.0,12.6,-120.0,71.0,100.0,8.88,92.9,392.16,0.0,0.0,0.0,80.0,256.0,2128.0,68.36,632.8,17.7,106.0
38800.0,11.5,26.0,29.0,9310.0,791.0,185.0,12.6,-120.0,71.0,100.0,8.88,92.9,392.16,0.0,0.0,0.0,80.0,256.0,2128.0,68.36,726.6,17.7,106.0
38900.0,11.5,26.0,29.0,9293.0,791.0,185.0,12.6,-120.0,71.0,100.0,8.924,93.5,392.16,0.0,0.0,0.0,80.0,256.0,2128.0,68.75,828.1,17.7,106.0
39000.0,11.5,26.0,29.0,9293.0,791.0,185.0,12.6,-120.0,71.0,100.0,8.924,93.5,392.16,0.0,0.0,0.0,80.0,256.0,2128.0,68.75,23.4,17.7,106.0
39100.0,11.5,26.0,29.0,9293.0,792.0,185.0,12.6,-120.0,71.0,100.0,8.924,93.5,387.25,0.0,0.0,0.0,79.0,256.0,2128.0,68.75,117.2,17.7,106.0
39200.0,11.5,26.0,29.0,9282.0,791.0,185.0,12.6,-120.0,71.0,100.0,8.924,93.5,387.25,0.0,0.0,0.0,79.0,256.0,2128.0,68.75,218.8,17.7,106.0
39300.0,11.5,26.0,29.0,9293.0,793.0,186.0,12.6,-120.0,71.0,100.0,8.924,93.5,387.25,0.0,0.0,0.0,79.0,256.0,2128.0,68.75,312.5,17.6,103.0
39400.0,11.5,26.0,29.0,9287.0,791.0,185.0,12.6,-120.0,71.0,100.0,8.924,93.5,392.16,0.0,0.0,0.0,80.0,256.0,2128.0,68.75,414.1,17.6,103.0
39500.0,11.5,26.0,29.0,9264.0,793.0,186.0,12.6,-120.0,71.0,100.0,8.972,94.0,387.25,0.0,0.0,0.0,79.0,256.0,2128.0,69.14,507.8,17.6,103.0
39600.0,11.5,26.0,29.0,9287.0,793.0,186.0,12.6,-120.0,71.0,100.0,8.924,93.5,392.16,0.0,0.0,0.0,80.0,256.0,2128.0,68.75,609.4,17.6,103.0
39700.0,11.5,26.0,29.0,9287.0,793.0,186.0,12.6,-120.0,71.0,100.0,8.924,93.5,392.16,0.0,0.0,0.0,80.0,256.0,2128.0,68.75,703.1,17.6,103.0
39800.0,11.5,26.0,29.0,9293.0,792.0,185.0,12.6,-120.0,71.0,100.0,8.924,93.5,387.25,0.0,0.0,0.0,79.0,256.0,2128.0,68.75,804.7,17.6,103.0
39900.0,11.5,26.0,29.0,9276.0,791.0,185.0,12.6,-120.0,71.0,100.0,8.88,93.5,392.16,0.0,0.0,0.0,80.0,256.0,2128.0,68.36,898.4,17.6,103.0
40000.0,11.5,26.0,29.0,9282.0,791.0,185.0,12.6,-120.0,71.0,100.0,8.924,93.5,392.16,0.0,0.0,0.0,80.0,256.0,2128.0,68.75,0.0,17.6,103.0
40100.0,11.5,26.0,29.0,9253.0,792.0,185.0,12.6,-120.0,71.0,100.0,8.924,93.5,392.16,0.0,0.0,0.0,80.0,256.0,2128.0,68.75,93.8,17.6,103.0
40200.0,11.5,26.0,29.0,9259.0,792.0,185.0,12.6,-120.0,71.0,100.0,8.924,93.5,392.16,0.0,0.0,0.0,80.0,256.0,2128.0,68.75,195.3,17.6,103.0
40300.0,11.5,26.0,29.0,9270.0,791.0,185.0,12.6,-120.0,71.0,100.0,8.924,93.5,392.16,0.0,0.0,0.0,80.0,256.0,2128.0,68.75,289.1,18.0,102.0
40400.0,11.5,26.0,29.0,9264.0,791.0,185.0,12.6,-120.0,71.0,100.0,8.924,93.5,387.25,0.0,0.0,0.0,79.0,256.0,2128.0,68.75,390.6,18.0,102.0
40500.0,11.5,26.0,29.0,9270.0,792.0,185.0,12.6,-120.0,71.0,100.0,8.972,94.0,387.25,0.0,0.0,0.0,79.0,256.0,2128.0,69.14,484.4,18.0,102.0
40600.0,11.5,26.0,29.0,9242.0,794.0,186.0,12.6,-120.0,71.0,100.0,8.972,94.0,392.16,0.0,0.0,0.0,80.0,256.0,2128.0,69.14,585.9,18.0,102.0
40700.0,11.5,26.0,29.0,9259.0,793.0,186.0,12.6,-120.0,71.0,100.0,8.972,94.0,387.25,0.0,0.0,0.0,79.0,256.0,2128.0,69.14,679.7,18.0,102.0
40800.0,11.5,26.0,29.0,9259.0,792.0,185.0,12.6,-120.0,71.0,100.0,8.924,93.5,392.16,0.0,0.0,0.0,80.0,256.0,2128.0,68.75,781.2,18.0,102.0
40900.0,11.5,26.0,29.0,9299.0,791.0,185.0,12.6,-120.0,71.0,100.0,8.924,93.5,392.16,0.0,0.0,0.0,80.0,256.0,2128.0,68.75,875.0,18.0,102.0
41000.0,11.5,26.0,29.0,9287.0,792.0,185.0,12.6,-120.0,71.0,100.0,8.924,94.0,392.16,0.0,0.0,0.0,80.0,256.0,2128.0,68.75,976.6,18.0,102.0
41100.0,11.5,26.0,29.0,9322.0,792.0,185.0,12.6,-120.0,71.0,100.0,8.88,92.9,392.16,0.0,0.0,0.0,80.0,256.0,2128.0,68.75,70.3,18.0,102.0
41200.0,11.5,26.0,29.0,9293.0,791.0,185.0,12.6,-120.0,71.0,100.0,8.924,93.5,392.16,0.0,0.0,0.0,80.0,256.0,2128.0,68.75,171.9,18.0,102.0
41300.0,11.5,26.0,29.0,9310.0,792.0,185.0,12.6,-120.0,71.0,100.0,8.924,93.5,392.16,0.0,0.0,0.0,80.0,256.0,2128.0,69.14,265.6,17.7,103.0
41400.0,11.5,26.0,29.0,9339.0,791.0,185.0,12.6,-120.0,71.0,100.0,8.88,92.9,387.25,0.0,0.0,0.0,79.0,256.0,2128.0,68.75,367.2,17.7,103.0
41500.0,11.5,26.0,29.0,9316.0,791.0,185.0,12.6,-120.0,71.0,100.0,8.924,93.5,392.16,0.0,0.0,0.0,80.0,256.0,2128.0,69.14,460.9,17.7,103.0
41600.0,11.5,26.0,29.0,9310.0,792.0,185.0,12.6,-120.0,71.0,100.0,8.924,93.5,392.16,0.0,0.0,0.0,80.0,256.0,2128.0,68.75,562.5,17.7,103.0
41700.0,11.5,26.0,29.0,9316.0,791.0,185.0,12.6,-120.0,71.0,100.0,8.924,93.5,392.16,0.0,0.0,0.0,80.0,256.0,2128.0,69.14,656.2,17.7,103.0
41800.0,11.5,26.0,29.0,9328.0,791.0,185.0,12.6,-120.0,71.0,100.0,8.88,92.9,392.16,0.0,0.0,0.0,80.0,256.0,2128.0,68.75,757.8,17.7,103.0
41900.0,11.5,26.0,29.0,9339.0,791.0,185.0,12.6,-120.0,71.0,100.0,8.88,92.9,392.16,0.0,0.0,0.0,80.0,256.0,2128.0,68.75,851.6,17.7,103.0
42000.0,11.5,26.0,29.0,9322.0,792.0,185.0,12.6,-120.0,71.0,100.0,8.88,92.9,392.16,0.0,0.0,0.0,80.0,256.0,2128.0,68.75,953.1,17.7,103.0
42100.0,11.5,26.0,29.0,9322.0,793.0,186.0,12.6,-120.0,71.0,100.0,8.924,93.5,392.16,0.0,0.0,0.0,80.0,256.0,2128.0,69.14,46.9,17.7,103.0
42200.0,11.5,26.0,29.0,9316.0,792.0,185.0,12.6,-120.0,71.0,100.0,8.924,93.5,392.16,0.0,0.0,0.0,80.0,256.0,2128.0,69.14,242.2,17.7,103.0
42300.0,11.5,26.0,29.0,9270.0,791.0,185.0,12.6,-120.0,71.0,100.0,8.972,94.0,392.16,0.0,0.0,0.0,80.0,256.0,2128.0,69.14,343.8,17.2,104.0
42400.0,11.5,26.0,29.0,9310.0,792.0,185.0,12.6,-120.0,71.0,100.0,8.924,93.5,392.16,0.0,0.0,0.0,80.0,256.0,2128.0,68.75,437.5,17.2,104.0
42500.0,11.5,26.0,29.0,9282.0,792.0,185.0,12.6,-120.0,71.0,100.0,8.924,94.0,392.16,0.0,0.0,0.0,80.0,256.0,2128.0,68.75,539.1,17.2,104.0
42600.0,11.5,26.0,29.0,9270.0,793.0,186.0,12.6,-120.0,71.0,100.0,8.924,93.5,392.16,0.0,0.0,0.0,80.0,256.0,2128.0,68.75,632.8,17.2,104.0
42700.0,11.5,26.0,29.0,9299.0,793.0,186.0,12.6,-120.0,71.0,100.0,8.924,93.5,392.16,0.0,0.0,0.0,80.0,256.0,2128.0,68.75,734.4,17.2,104.0
42800.0,11.5,26.0,29.0,9287.0,792.0,185.0,12.6,-120.0,71.0,100.0,8.972,94.0,387.25,0.0,0.0,0.0,79.0,256.0,2128.0,69.14,828.1,17.2,104.0
42900.0,11.5,26.0,29.0,9339.0,791.0,185.0,12.6,-120.0,71.0,100.0,8.924,93.5,392.16,0.0,0.0,0.0,80.0,256.0,2128.0,69.14,929.7,17.2,104.0
43000.0,11.5,26.0,29.0,9322.0,792.0,185.0,12.6,-120.0,71.0,100.0,8.924,93.5,392.16,0.0,0.0,0.0,80.0,256.0,2128.0,69.14,23.4,17.2,104.0
43100.0,11.5,26.0,29.0,9322.0,792.0,185.0,12.6,-120.0,71.0,100.0,8.88,93.5,392.16,0.0,0.0,0.0,80.0,256.0,2128.0,68.75,125.0,17.2,104.0
43200.0,11.5,26.0,29.0,9293.0,792.0,185.0,12.6,-120.0,71.0,100.0,8.924,93.5,392.16,0.0,0.0,0.0,80.0,256.0,2128.0,68.75,218.8,17.2,104.0
43300.0,11.5,26.0,29.0,9282.0,792.0,185.0,12.6,-120.0,71.0,100.0,8.924,93.5,392.16,0.0,0.0,0.0,80.0,256.0,2128.0,68.75,320.3,15.4,104.0
43400.0,11.5,26.0,29.0,9299.0,791.0,185.0,12.6,-120.0,71.0,100.0,8.924,93.5,392.16,0.0,0.0,0.0,80.0,256.0,2128.0,68.75,414.1,15.4,104.0
43500.0,11.5,26.0,29.0,9276.0,793.0,186.0,12.6,-120.0,71.0,100.0,8.924,92.9,392.16,0.0,0.0,0.0,80.0,256.0,2128.0,68.75,515.6,15.4,104.0
43600.0,11.5,26.0,29.0,9282.0,792.0,185.0,12.6,-120.0,71.0,100.0,8.924,93.5,392.16,0.0,0.0,0.0,80.0,256.0,2128.0,68.75,609.4,15.4,104.0
43700.0,11.5,26.0,29.0,9270.0,792.0,185.0,12.6,-120.0,71.0,100.0,8.924,94.0,392.16,0.0,0.0,0.0,80.0,256.0,2128.0,68.75,710.9,15.4,104.0
43800.0,11.5,26.0,29.0,9293.0,791.0,185.0,12.6,-120.0,71.0,100.0,8.924,93.5,392.16,0.0,0.0,0.0,80.0,256.0,2128.0,68.75,804.7,15.4,104.0
43900.0,11.5,26.0,29.0,9276.0,791.0,185.0,12.6,-120.0,71.0,100.0,8.924,93.5,392.16,0.0,0.0,0.0,80.0,256.0,2128.0,68.75,906.2,15.4,104.0
44000.0,11.5,26.0,29.0,9299.0,791.0,185.0,12.6,-120.0,71.0,100.0,8.924,93.5,392.16,0.0,0.0,0.0,80.0,256.0,2128.0,68.75,0.0,15.4,104.0
44100.0,11.5,26.0,29.0,9270.0,792.0,185.0,12.6,-120.0,71.0,100.0,8.924,92.9,392.16,0.0,0.0,0.0,80.0,256.0,2128.0,68.75,101.6,15.4,104.0
44200.0,11.5,26.0,29.0,9276.0,792.0,185.0,12.6,-120.0,71.0,100.0,8.88,92.9,392.16,0.0,0.0,0.0,80.0,256.0,2128.0,68.36,195.3,15.4,104.0
44300.0,11.5,26.0,29.0,9270.0,792.0,185.0,12.6,-120.0,71.0,100.0,8.924,93.5,392.16,0.0,0.0,0.0,80.0,256.0,2128.0,68.75,296.9,17.0,104.0
44400.0,11.5,26.0,29.0,9270.0,791.0,185.0,12.6,-120.0,71.0,100.0,8.924,93.5,392.16,0.0,0.0,0.0,80.0,256.0,2128.0,68.75,390.6,17.0,104.0
44500.0,11.5,26.0,29.0,9282.0,792.0,185.0,12.6,-120.0,71.0,100.0,8.972,94.0,392.16,0.0,0.0,0.0,80.0,256.0,2128.0,69.14,492.2,17.0,104.0
44600.0,11.5,26.0,29.0,9264.0,792.0,185.0,12.6,-120.0,71.0,100.0,8.972,94.0,392.16,0.0,0.0,0.0,80.0,256.0,2128.0,69.14,585.9,17.0,104.0
44700.0,11.5,26.0,29.0,9299.0,792.0,185.0,12.6,-120.0,71.0,100.0,8.924,93.5,392.16,0.0,0.0,0.0,80.0,256.0,2128.0,68.75,687.5,17.0,104.0
44800.0,11.5,26.0,29.0,9259.0,792.0,185.0,12.6,-120.0,70.0,100.0,8.924,93.5,392.16,0.0,0.0,0.0,80.0,256.0,2128.0,68.75,781.2,17.0,104.0
44900.0,11.5,26.0,29.0,9282.0,791.0,185.0,12.6,-120.0,70.0,100.0,8.924,93.5,392.16,0.0,0.0,0.0,80.0,256.0,2128.0,68.75,882.8,17.0,104.0
45000.0,11.5,26.0,29.0,9270.0,791.0,185.0,12.6,-120.0,70.0,100.0,8.924,93.5,392.16,0.0,0.0,0.0,80.0,256.0,2128.0,68.75,976.6,17.0,104.0
45100.0,11.5,26.0,29.0,9287.0,792.0,185.0,12.6,-120.0,70.0,100.0,8.972,93.5,392.16,0.0,0.0,0.0,80.0,256.0,2128.0,69.14,78.1,17.0,104.0
45200.0,11.5,26.0,29.0,9293.0,792.0,185.0,12.6,-120.0,70.0,100.0,8.972,94.0,392.16,0.0,0.0,0.0,80.0,256.0,2128.0,69.14,171.9,17.0,104.0
45300.0,11.5,26.0,29.0,9270.0,792.0,185.0,12.6,-120.0,70.0,100.0,8.924,93.5,392.16,0.0,0.0,0.0,80.0,256.0,2128.0,68.75,273.4,17.0,101.0
45400.0,11.5,26.0,29.0,9299.0,791.0,185.0,12.6,-120.0,70.0,100.0,8.924,93.5,392.16,0.0,0.0,0.0,80.0,256.0,2128.0,68.75,367.2,17.0,101.0
45500.0,11.5,26.0,29.0,9299.0,791.0,185.0,12.6,-120.0,70.0,100.0,8.88,92.9,392.16,0.0,0.0,0.0,80.0,256.0,2128.0,68.75,562.5,17.0,101.0
45600.0,11.5,26.0,29.0,9310.0,792.0,185.0,12.6,-120.0,70.0,100.0,8.924,93.5,387.25,0.0,0.0,0.0,79.0,256.0,2128.0,69.14,664.1,17.0,101.0
45700.0,11.5,26.0,29.0,9339.0,791.0,185.0,12.6,-120.0,70.0,100.0,8.88,92.9,392.16,0.0,0.0,0.0,80.0,256.0,2128.0,68.75,757.8,17.0,101.0
45800.0,11.5,26.0,29.0,9293.0,792.0,185.0,12.6,-120.0,70.0,100.0,8.924,93.5,392.16,0.0,0.0,0.0,80.0,256.0,2128.0,68.75,859.4,17.0,101.0
45900.0,11.5,26.0,29.0,9282.0,792.0,185.0,12.6,-120.0,70.0,100.0,8.924,93.5,392.16,0.0,0.0,0.0,80.0,256.0,2128.0,68.75,953.1,17.0,101.0
46000.0,11.5,26.0,29.0,9282.0,792.0,185.0,12.6,-120.0,70.0,100.0,8.924,93.5,392.16,0.0,0.0,0.0,80.0,256.0,2128.0,68.75,953.1,17.0,101.0
46100.0,11.5,26.0,29.0,9293.0,793.0,186.0,12.6,-120.0,70.0,100.0,8.924,93.5,392.16,0.0,0.0,0.0,80.0,256.0,2128.0,68.75,148.4,17.0,101.0
46200.0,11.5,26.0,29.0,9310.0,792.0,185.0,12.6,-120.0,70.0,100.0,8.924,93.5,392.16,0.0,0.0,0.0,80.0,256.0,2128.0,68.75,250.0,16.8,101.0
46300.0,11.5,26.0,29.0,9259.0,792.0,185.0,12.6,-120.0,70.0,100.0,8.924,94.0,392.16,0.0,0.0,0.0,80.0,256.0,2128.0,68.75,343.8,16.8,101.0
46400.0,11.5,26.0,29.0,9299.0,791.0,185.0,12.6,-120.0,70.0,100.0,8.972,94.0,392.16,0.0,0.0,0.0,80.0,256.0,2128.0,69.14,445.3,16.8,101.0
46500.0,11.5,26.0,29.0,9264.0,793.0,186.0,12.6,-120.0,70.0,100.0,8.924,93.5,392.16,0.0,0.0,0.0,80.0,256.0,2128.0,68.75,539.1,16.8,101.0
46600.0,11.5,26.0,29.0,9293.0,792.0,185.0,12.6,-120.0,70.0,100.0,8.924,93.5,392.16,0.0,0.0,0.0,80.0,256.0,2128.0,68.75,640.6,16.8,101.0
46700.0,11.5,26.0,29.0,9270.0,792.0,185.0,12.6,-120.0,70.0,100.0,8.924,93.5,392.16,0.0,0.0,0.0,80.0,256.0,2128.0,68.75,734.4,16.8,101.0
46800.0,11.5,26.0,29.0,9282.0,792.0,185.0,12.6,-120.0,70.0,100.0,8.924,93.5,392.16,0.0,0.0,0.0,80.0,256.0,2128.0,68.75,835.9,16.8,101.0
46900.0,11.5,26.0,29.0,9299.0,792.0,185.0,12.6,-120.0,70.0,100.0,8.972,94.0,392.16,0.0,0.0,0.0,80.0,256.0,2128.0,69.14,929.7,16.8,101.0
47000.0,11.5,26.0,29.0,9282.0,792.0,185.0,12.6,-120.0,70.0,100.0,8.924,93.5,387.25,0.0,0.0,0.0,79.0,256.0,2128.0,68.75,31.2,16.8,101.0
47100.0,11.5,26.0,29.0,9276.0,793.0,186.0,12.6,-120.0,70.0,100.0,8.924,93.5,392.16,0.0,0.0,0.0,80.0,256.0,2128.0,68.75,125.0,16.8,101.0
47200.0,11.5,26.0,29.0,9287.0,792.0,185.0,12.6,-120.0,70.0,100.0,8.924,93.5,392.16,0.0,0.0,0.0,80.0,256.0,2128.0,68.75,226.6,16.8,104.0
47300.0,11.5,26.0,29.0,9259.0,793.0,186.0,12.6,-120.0,70.0,100.0,8.972,94.0,392.16,0.0,0.0,0.0,80.0,256.0,2128.0,69.14,320.3,16.8,104.0
47400.0,11.5,26.0,29.0,9287.0,791.0,185.0,12.6,-120.0,70.0,100.0,8.924,93.5,392.16,0.0,0.0,0.0,80.0,256.0,2128.0,68.75,421.9,16.8,104.0
47500.0,11.5,26.0,29.0,9276.0,792.0,185.0,12.6,-120.0,70.0,100.0,8.924,93.5,392.16,0.0,0.0,0.0,80.0,256.0,2128.0,68.75,515.6,16.8,104.0
47600.0,11.5,26.0,29.0,9293.0,792.0,185.0,12.6,-120.0,70.0,100.0,8.972,93.5,392.16,0.0,0.0,0.0,80.0,256.0,2128.0,69.14,617.2,16.8,104.0
47700.0,11.5,26.0,29.0,9247.0,793.0,186.0,12.6,-120.0,70.0,100.0,8.972,94.0,392.16,0.0,0.0,0.0,80.0,256.0,2128.0,69.14,710.9,16.8,104.0
47800.0,11.5,26.0,29.0,9242.0,792.0,185.0,12.6,-120.0,70.0,100.0,8.924,93.5,392.16,0.0,0.0,0.0,80.0,256.0,2128.0,68.36,812.5,16.8,104.0
47900.0,11.5,26.0,29.0,9242.0,791.0,185.0,12.6,-120.0,70.0,100.0,8.924,93.5,392.16,0.0,0.0,0.0,80.0,256.0,2128.0,68.75,906.2,16.8,104.0
48000.0,11.5,26.0,29.0,9259.0,792.0,185.0,12.6,-120.0,70.0,100.0,8.972,94.0,392.16,0.0,0.0,0.0,80.0,256.0,2128.0,69.14,7.8,16.8,104.0
48100.0,11.5,26.0,29.0,9253.0,792.0,185.0,12.6,-120.0,70.0,100.0,8.972,94.0,392.16,0.0,0.0,0.0,80.0,256.0,2128.0,69.14,101.6,16.8,104.0
48200.0,11.5,26.0,29.0,9264.0,792.0,185.0,12.6,-120.0,70.0,100.0,8.972,94.0,392.16,0.0,0.0,0.0,80.0,256.0,2128.0,68.75,203.1,16.9,105.0
48300.0,11.5,26.0,29.0,9264.0,792.0,185.0,12.6,-120.0,70.0,100.0,8.924,93.5,392.16,0.0,0.0,0.0,80.0,256.0,2128.0,68.75,296.9,16.9,105.0
48400.0,11.5,26.0,29.0,9270.0,792.0,185.0,12.6,-120.0,70.0,100.0,8.924,93.5,392.16,0.0,0.0,0.0,80.0,256.0,2128.0,68.75,398.4,16.9,105.0
48500.0,11.5,26.0,29.0,9287.0,792.0,185.0,12.6,-120.0,70.0,100.0,8.924,93.5,392.16,0.0,0.0,0.0,80.0,256.0,2128.0,68.75,492.2,16.9,105.0
48600.0,11.5,26.0,29.0,9310.0,792.0,185.0,12.6,-120.0,70.0,100.0,8.924,93.5,392.16,0.0,0.0,0.0,80.0,256.0,2128.0,69.14,593.8,16.9,105.0
48700.0,11.5,26.0,29.0,9316.0,793.0,186.0,12.6,-120.0,70.0,100.0,8.924,93.5,392.16,0.0,0.0,0.0,80.0,256.0,2128.0,68.75,687.5,16.9,105.0
48800.0,11.5,26.0,29.0,9345.0,791.0,185.0,12.6,-120.0,70.0,100.0,8.88,92.9,392.16,0.0,0.0,0.0,80.0,256.0,2128.0,68.75,882.8,16.9,105.0
48900.0,11.5,26.0,29.0,9287.0,793.0,186.0,12.6,-120.0,70.0,100.0,8.924,93.5,392.16,0.0,0.0,0.0,80.0,256.0,2128.0,68.75,984.4,16.9,105.0
49000.0,11.5,26.0,29.0,9322.0,793.0,186.0,12.6,-120.0,70.0,100.0,8.924,93.5,387.25,0.0,0.0,0.0,79.0,256.0,2128.0,69.14,78.1,16.9,105.0
49100.0,11.5,26.0,29.0,9322.0,792.0,185.0,12.6,-120.0,70.0,100.0,8.924,93.5,392.16,0.0,0.0,0.0,80.0,256.0,2128.0,69.14,179.7,16.9,105.0
49200.0,11.5,26.0,29.0,9334.0,792.0,185.0,12.6,-120.0,70.0,100.0,8.924,93.5,392.16,0.0,0.0,0.0,80.0,256.0,2128.0,69.14,273.4,17.3,102.0
49300.0,11.5,26.0,29.0,9299.0,791.0,185.0,12.6,-120.0,70.0,100.0,8.924,93.5,387.25,0.0,0.0,0.0,79.0,256.0,2128.0,68.75,375.0,17.3,102.0
49400.0,11.5,26.0,29.0,9282.0,792.0,185.0,12.6,-120.0,70.0,100.0,8.924,93.5,392.16,0.0,0.0,0.0,80.0,256.0,2128.0,68.75,468.8,17.3,102.0
49500.0,11.5,26.0,29.0,9299.0,792.0,185.0,12.6,-120.0,70.0,100.0,8.924,93.5,392.16,0.0,0.0,0.0,80.0,256.0,2128.0,68.75,570.3,17.3,102.0
49600.0,11.5,26.0,29.0,9299.0,792.0,185.0,12.6,-120.0,70.0,100.0,8.972,93.5,392.16,0.0,0.0,0.0,80.0,256.0,2128.0,69.53,664.1,17.3,102.0
49700.0,11.5,26.0,29.0,9328.0,792.0,185.0,12.6,-120.0,70.0,100.0,8.88,92.9,392.16,0.0,0.0,0.0,80.0,256.0,2128.0,68.75,765.6,17.3,102.0
49800.0,11.5,26.0,29.0,9287.0,793.0,186.0,12.6,-120.0,70.0,100.0,8.924,93.5,392.16,0.0,0.0,0.0,80.0,256.0,2128.0,68.75,859.4,17.3,102.0
49900.0,11.5,26.0,29.0,9310.0,792.0,185.0,12.6,-120.0,70.0,100.0,8.924,93.5,392.16,0.0,0.0,0.0,80.0,256.0,2128.0,68.75,960.9,17.3,102.0
50000.0,11.5,26.0,29.0,9328.0,792.0,185.0,12.6,-120.0,70.0,100.0,8.924,93.5,392.16,0.0,0.0,0.0,80.0,256.0,2128.0,69.14,54.7,17.3,102.0
50100.0,11.5,26.0,29.0,9287.0,793.0,186.0,12.6,-120.0,70.0,100.0,8.924,93.5,392.16,0.0,0.0,0.0,80.0,256.0,2128.0,69.14,156.2,17.3,102.0
50200.0,11.5,26.0,29.0,9299.0,792.0,185.0,12.6,-120.0,70.0,100.0,8.924,93.5,387.25,0.0,0.0,0.0,79.0,256.0,2128.0,68.75,250.0,16.0,101.0
50300.0,11.5,26.0,29.0,9287.0,792.0,185.0,12.6,-120.0,70.0,100.0,8.972,94.0,387.25,0.0,0.0,0.0,79.0,256.0,2128.0,69.14,351.6,16.0,101.0
50400.0,11.5,26.0,29.0,9310.0,791.0,185.0,12.6,-120.0,70.0,100.0,8.924,93.5,392.16,0.0,0.0,0.0,80.0,256.0,2128.0,69.14,445.3,16.0,101.0
50500.0,11.5,26.0,29.0,9310.0,792.0,185.0,12.6,-120.0,70.0,100.0,8.924,93.5,392.16,0.0,0.0,0.0,80.0,256.0,2128.0,69.14,546.9,16.0,101.0
50600.0,11.5,26.0,29.0,9310.0,793.0,186.0,12.2,-120.0,70.0,100.0,9.088,94.0,392.16,0.0,0.0,0.0,80.0,256.0,2128.0,70.31,640.6,16.0,101.0
50700.0,11.5,26.0,29.0,9322.0,792.0,185.0,12.3,-120.0,70.0,100.0,9.072,94.0,392.16,0.0,0.0,0.0,80.0,256.0,2128.0,70.31,742.2,16.0,101.0
50800.0,11.5,26.0,29.0,9328.0,793.0,186.0,12.3,-120.0,70.0,100.0,8.94,93.5,392.16,0.0,0.0,0.0,80.0,256.0,2128.0,69.14,835.9,16.0,101.0
50900.0,11.5,26.0,29.0,9339.0,791.0,185.0,12.5,-120.0,70.0,100.0,8.94,93.5,392.16,0.0,0.0,0.0,80.0,256.0,2128.0,69.14,937.5,16.0,101.0
51000.0,11.5,26.0,29.0,9305.0,792.0,185.0,12.5,-120.0,70.0,100.0,8.94,93.5,387.25,0.0,0.0,0.0,79.0,256.0,2128.0,69.14,31.2,16.0,101.0
51100.0,11.5,26.0,29.0,9322.0,793.0,186.0,12.5,-120.0,70.0,100.0,8.94,93.5,392.16,0.0,0.0,0.0,80.0,256.0,2128.0,69.14,132.8,16.0,101.0
51200.0,11.5,26.0,29.0,9305.0,792.0,185.0,12.3,-120.0,70.0,100.0,9.028,93.5,392.16,0.0,0.0,0.0,80.0,256.0,2128.0,69.92,226.6,16.1,101.0
51300.0,11.5,26.0,29.0,9305.0,792.0,185.0,12.6,-120.0,70.0,100.0,8.924,93.5,387.25,0.0,0.0,0.0,79.0,256.0,2128.0,69.14,328.1,16.1,101.0
51400.0,11.5,26.0,29.0,9287.0,791.0,185.0,12.6,-120.0,70.0,100.0,8.972,94.0,392.16,0.0,0.0,0.0,80.0,256.0,2128.0,69.14,421.9,16.1,101.0
51500.0,11.5,26.0,30.0,9118.0,230.0,45.0,12.6,0.0,70.0,27.5,7.436,73.6,392.16,0.0,0.0,0.0,80.0,230.0,2128.0,57.03,523.4,16.1,101.0
51600.0,11.7,26.0,30.0,7957.0,53.0,1.0,12.7,0.0,70.0,0.4,0.0,35.0,387.25,0.0,0.0,0.0,79.0,265.0,2128.0,0.0,617.2,16.1,101.0
51700.0,11.8,26.0,30.0,7526.0,53.0,1.0,12.7,0.0,70.0,0.4,0.0,34.0,382.35,0.0,0.0,0.0,78.0,247.0,2128.0,0.0,718.8,16.1,101.0
51800.0,12.0,26.0,30.0,7462.0,53.0,1.0,12.7,0.0,70.0,0.4,0.0,31.9,382.35,0.0,0.0,0.0,78.0,242.0,2128.0,0.0,812.5,16.1,101.0
51900.0,12.0,26.0,30.0,7411.0,53.0,1.0,12.7,0.0,70.0,0.4,0.0,31.4,387.25,0.0,0.0,0.0,79.0,240.0,2128.0,0.0,914.1,16.1,101.0
52000.0,12.0,26.0,30.0,7313.0,53.0,1.0,12.8,0.0,70.0,0.4,0.0,30.9,382.35,0.0,0.0,0.0,78.0,238.0,2128.0,0.0,7.8,16.1,101.0
52100.0,12.0,26.0,30.0,7246.0,52.0,0.0,12.8,0.0,70.0,0.0,0.0,30.4,382.35,0.0,0.0,0.0,78.0,255.0,2128.0,0.0,203.1,16.1,101.0
52200.0,12.0,26.0,30.0,7166.0,52.0,0.0,12.7,0.0,70.0,0.0,0.0,29.9,382.35,0.0,0.0,0.0,78.0,250.0,2128.0,0.0,304.7,17.2,102.0
52300.0,12.0,26.0,30.0,7088.0,52.0,0.0,12.8,0.0,70.0,0.0,0.0,29.9,382.35,0.0,0.0,0.0,78.0,243.0,2128.0,0.0,398.4,17.2,102.0
52400.0,12.0,26.0,30.0,6989.0,53.0,1.0,12.8,0.0,70.0,0.4,0.0,29.9,382.35,0.0,0.0,0.0,78.0,214.0,2128.0,0.0,500.0,17.2,102.0
52500.0,12.0,26.0,30.0,6896.0,52.0,0.0,12.8,0.0,70.0,0.0,0.0,29.4,382.35,0.0,0.0,0.0,78.0,212.0,2128.0,0.0,593.8,17.2,102.0
52600.0,12.0,26.0,30.0,6836.0,52.0,0.0,12.8,0.0,70.0,0.0,0.0,29.4,382.35,0.0,0.0,0.0,78.0,218.0,2128.0,0.0,695.3,17.2,102.0
52700.0,12.0,26.0,30.0,6759.0,52.0,0.0,12.8,0.0,70.0,0.0,0.0,29.4,382.35,0.0,0.0,0.0,78.0,211.0,2128.0,0.0,789.1,17.2,102.0
52800.0,12.0,26.0,30.0,6729.0,52.0,0.0,12.8,0.0,70.0,0.0,0.0,29.4,382.35,0.0,0.0,0.0,78.0,203.0,2128.0,0.0,890.6,17.2,102.0
52900.0,12.0,26.0,30.0,6681.0,52.0,0.0,12.8,0.0,70.0,0.0,0.0,29.4,382.35,0.0,0.0,0.0,78.0,189.0,2128.0,0.0,984.4,17.2,102.0
53000.0,12.0,26.0,30.0,6657.0,52.0,0.0,12.8,0.0,70.0,0.0,0.0,29.9,382.35,0.0,0.0,0.0,78.0,194.0,2128.0,0.0,85.9,17.2,102.0
53100.0,12.0,26.0,30.0,6610.0,52.0,0.0,12.8,0.0,70.0,0.0,0.0,29.9,382.35,0.0,0.0,0.0,78.0,193.0,2128.0,0.0,179.7,17.2,102.0
